[2026-08-19 04:15:21] testing.ERROR: App\Models\User::canAccessLeadLab(): Return value must be of type bool, null returned {"userId":1,"exception":"[object] (TypeError(code: 0): App\\Models\\User::canAccessLeadLab(): Return value must be of type bool, null returned at /Users/agnojf/Documents/alson-workspace/projects/lead-lab/application/source/app/Models/User.php:68)
[stacktrace]
#0 /Users/agnojf/Documents/alson-workspace/projects/lead-lab/application/source/app/Http/Middleware/EnsureActiveUser.php(14): App\\Models\\User->canAccessLeadLab()
#1 /Users/agnojf/Documents/alson-workspace/projects/lead-lab/application/source/vendor/laravel/framework/src/Illuminate/Pipeline/Pipeline.php(219): App\\Http\\Middleware\\EnsureActiveUser->handle(Object(Illuminate\\Http\\Request), Object(Closure))
#2 /Users/agnojf/Documents/alson-workspace/projects/lead-lab/application/source/vendor/laravel/framework/src/Illuminate/Http/Middleware/AddLinkHeadersForPreloadedAssets.php(32): Illuminate\\Pipeline\\Pipeline->{closure:{closure:Illuminate\\Pipeline\\Pipeline::carry():194}:195}(Object(Illuminate\\Http\\Request))
#3 /Users/agnojf/Documents/alson-workspace/projects/lead-lab/application/source/vendor/laravel/framework/src/Illuminate/Pipeline/Pipeline.php(219): Illuminate\\Http\\Middleware\\AddLinkHeadersForPreloadedAssets->handle(Object(Illuminate\\Http\\Request), Object(Closure))
#4 /Users/agnojf/Documents/alson-workspace/projects/lead-lab/application/source/vendor/inertiajs/inertia-laravel/src/Middleware.php(147): Illuminate\\Pipeline\\Pipeline->{closure:{closure:Illuminate\\Pipeline\\Pipeline::carry():194}:195}(Object(Illuminate\\Http\\Request))
#5 /Users/agnojf/Documents/alson-workspace/projects/lead-lab/application/source/vendor/laravel/framework/src/Illuminate/Pipeline/Pipeline.php(219): Inertia\\Middleware->handle(Object(Illuminate\\Http\\Request), Object(Closure))
#6 /Users/agnojf/Documents/alson-workspace/projects/lead-lab/application/source/app/Http/Middleware/HandleAppearance.php(21): Illuminate\\Pipeline\\Pipeline->{closure:{closure:Illuminate\\Pipeline\\Pipeline::carry():194}:195}(Object(Illuminate\\Http\\Request))
#7 /Users/agnojf/Documents/alson-workspace/projects/lead-lab/application/source/vendor/laravel/framework/src/Illuminate/Pipeline/Pipeline.php(219): App\\Http\\Middleware\\HandleAppearance->handle(Object(Illuminate\\Http\\Request), Object(Closure))
#8 /Users/agnojf/Documents/alson-workspace/projects/lead-lab/application/source/vendor/laravel/framework/src/Illuminate/Routing/Middleware/SubstituteBindings.php(52): Illuminate\\Pipeline\\Pipeline->{closure:{closure:Illuminate\\Pipeline\\Pipeline::carry():194}:195}(Object(Illuminate\\Http\\Request))
#9 /Users/agnojf/Documents/alson-workspace/projects/lead-lab/application/source/vendor/laravel/framework/src/Illuminate/Pipeline/Pipeline.php(219): Illuminate\\Routing\\Middleware\\SubstituteBindings->handle(Object(Illuminate\\Http\\Request), Object(Closure))
#10 /Users/agnojf/Documents/alson-workspace/projects/lead-lab/application/source/vendor/laravel/framework/src/Illuminate/Auth/Middleware/Authenticate.php(63): Illuminate\\Pipeline\\Pipeline->{closure:{closure:Illuminate\\Pipeline\\Pipeline::carry():194}:195}(Object(Illuminate\\Http\\Request))
#11 /Users/agnojf/Documents/alson-workspace/projects/lead-lab/application/source/vendor/laravel/framework/src/Illuminate/Pipeline/Pipeline.php(219): Illuminate\\Auth\\Middleware\\Authenticate->handle(Object(Illuminate\\Http\\Request), Object(Closure))
#12 /Users/agnojf/Documents/alson-workspace/projects/lead-lab/application/source/vendor/laravel/framework/src/Illuminate/Foundation/Http/Middleware/PreventRequestForgery.php(104): Illuminate\\Pipeline\\Pipeline->{closure:{closure:Illuminate\\Pipeline\\Pipeline::carry():194}:195}(Object(Illuminate\\Http\\Request))
#13 /Users/agnojf/Documents/alson-workspace/projects/lead-lab/application/source/vendor/laravel/framework/src/Illuminate/Pipeline/Pipeline.php(219): Illuminate\\Foundation\\Http\\Middleware\\PreventRequestForgery->handle(Object(Illuminate\\Http\\Request), Object(Closure))
#14 /Users/agnojf/Documents/alson-workspace/projects/lead-lab/application/source/vendor/laravel/framework/src/Illuminate/View/Middleware/ShareErrorsFromSession.php(48): Illuminate\\Pipeline\\Pipeline->{closure:{closure:Illuminate\\Pipeline\\Pipeline::carry():194}:195}(Object(Illuminate\\Http\\Request))
#15 /Users/agnojf/Documents/alson-workspace/projects/lead-lab/application/source/vendor/laravel/framework/src/Illuminate/Pipeline/Pipeline.php(219): Illuminate\\View\\Middleware\\ShareErrorsFromSession->handle(Object(Illuminate\\Http\\Request), Object(Closure))
#16 /Users/agnojf/Documents/alson-workspace/projects/lead-lab/application/source/vendor/laravel/framework/src/Illuminate/Session/Middleware/StartSession.php(120): Illuminate\\Pipeline\\Pipeline->{closure:{closure:Illuminate\\Pipeline\\Pipeline::carry():194}:195}(Object(Illuminate\\Http\\Request))
#17 /Users/agnojf/Documents/alson-workspace/projects/lead-lab/application/source/vendor/laravel/framework/src/Illuminate/Session/Middleware/StartSession.php(63): Illuminate\\Session\\Middleware\\StartSession->handleStatefulRequest(Object(Illuminate\\Http\\Request), Object(Illuminate\\Session\\Store), Object(Closure))
#18 /Users/agnojf/Documents/alson-workspace/projects/lead-lab/application/source/vendor/laravel/framework/src/Illuminate/Pipeline/Pipeline.php(219): Illuminate\\Session\\Middleware\\StartSession->handle(Object(Illuminate\\Http\\Request), Object(Closure))
#19 /Users/agnojf/Documents/alson-workspace/projects/lead-lab/application/source/vendor/laravel/framework/src/Illuminate/Cookie/Middleware/AddQueuedCookiesToResponse.php(36): Illuminate\\Pipeline\\Pipeline->{closure:{closure:Illuminate\\Pipeline\\Pipeline::carry():194}:195}(Object(Illuminate\\Http\\Request))
#20 /Users/agnojf/Documents/alson-workspace/projects/lead-lab/application/source/vendor/laravel/framework/src/Illuminate/Pipeline/Pipeline.php(219): Illuminate\\Cookie\\Middleware\\AddQueuedCookiesToResponse->handle(Object(Illuminate\\Http\\Request), Object(Closure))
#21 /Users/agnojf/Documents/alson-workspace/projects/lead-lab/application/source/vendor/laravel/framework/src/Illuminate/Cookie/Middleware/EncryptCookies.php(74): Illuminate\\Pipeline\\Pipeline->{closure:{closure:Illuminate\\Pipeline\\Pipeline::carry():194}:195}(Object(Illuminate\\Http\\Request))
#22 /Users/agnojf/Documents/alson-workspace/projects/lead-lab/application/source/vendor/laravel/framework/src/Illuminate/Pipeline/Pipeline.php(219): Illuminate\\Cookie\\Middleware\\EncryptCookies->handle(Object(Illuminate\\Http\\Request), Object(Closure))
#23 /Users/agnojf/Documents/alson-workspace/projects/lead-lab/application/source/vendor/laravel/framework/src/Illuminate/Pipeline/Pipeline.php(137): Illuminate\\Pipeline\\Pipeline->{closure:{closure:Illuminate\\Pipeline\\Pipeline::carry():194}:195}(Object(Illuminate\\Http\\Request))
#24 /Users/agnojf/Documents/alson-workspace/projects/lead-lab/application/source/vendor/laravel/framework/src/Illuminate/Routing/Router.php(821): Illuminate\\Pipeline\\Pipeline->then(Object(Closure))
#25 /Users/agnojf/Documents/alson-workspace/projects/lead-lab/application/source/vendor/laravel/framework/src/Illuminate/Routing/Router.php(800): Illuminate\\Routing\\Router->runRouteWithinStack(Object(Illuminate\\Routing\\Route), Object(Illuminate\\Http\\Request))
#26 /Users/agnojf/Documents/alson-workspace/projects/lead-lab/application/source/vendor/laravel/framework/src/Illuminate/Routing/Router.php(764): Illuminate\\Routing\\Router->runRoute(Object(Illuminate\\Http\\Request), Object(Illuminate\\Routing\\Route))
#27 /Users/agnojf/Documents/alson-workspace/projects/lead-lab/application/source/vendor/laravel/framework/src/Illuminate/Routing/Router.php(753): Illuminate\\Routing\\Router->dispatchToRoute(Object(Illuminate\\Http\\Request))
#28 /Users/agnojf/Documents/alson-workspace/projects/lead-lab/application/source/vendor/laravel/framework/src/Illuminate/Foundation/Http/Kernel.php(200): Illuminate\\Routing\\Router->dispatch(Object(Illuminate\\Http\\Request))
#29 /Users/agnojf/Documents/alson-workspace/projects/lead-lab/application/source/vendor/laravel/framework/src/Illuminate/Pipeline/Pipeline.php(180): Illuminate\\Foundation\\Http\\Kernel->{closure:Illuminate\\Foundation\\Http\\Kernel::dispatchToRouter():197}(Object(Illuminate\\Http\\Request))
#30 /Users/agnojf/Documents/alson-workspace/projects/lead-lab/application/source/vendor/inertiajs/inertia-laravel/src/Middleware/EnsureGetOnRedirect.php(19): Illuminate\\Pipeline\\Pipeline->{closure:Illuminate\\Pipeline\\Pipeline::prepareDestination():178}(Object(Illuminate\\Http\\Request))
#31 /Users/agnojf/Documents/alson-workspace/projects/lead-lab/application/source/vendor/laravel/framework/src/Illuminate/Pipeline/Pipeline.php(219): Inertia\\Middleware\\EnsureGetOnRedirect->handle(Object(Illuminate\\Http\\Request), Object(Closure))
#32 /Users/agnojf/Documents/alson-workspace/projects/lead-lab/application/source/vendor/laravel/framework/src/Illuminate/Foundation/Http/Middleware/TransformsRequest.php(21): Illuminate\\Pipeline\\Pipeline->{closure:{closure:Illuminate\\Pipeline\\Pipeline::carry():194}:195}(Object(Illuminate\\Http\\Request))
#33 /Users/agnojf/Documents/alson-workspace/projects/lead-lab/application/source/vendor/laravel/framework/src/Illuminate/Foundation/Http/Middleware/ConvertEmptyStringsToNull.php(31): Illuminate\\Foundation\\Http\\Middleware\\TransformsRequest->handle(Object(Illuminate\\Http\\Request), Object(Closure))
#34 /Users/agnojf/Documents/alson-workspace/projects/lead-lab/application/source/vendor/laravel/framework/src/Illuminate/Pipeline/Pipeline.php(219): Illuminate\\Foundation\\Http\\Middleware\\ConvertEmptyStringsToNull->handle(Object(Illuminate\\Http\\Request), Object(Closure))
#35 /Users/agnojf/Documents/alson-workspace/projects/lead-lab/application/source/vendor/laravel/framework/src/Illuminate/Foundation/Http/Middleware/TransformsRequest.php(21): Illuminate\\Pipeline\\Pipeline->{closure:{closure:Illuminate\\Pipeline\\Pipeline::carry():194}:195}(Object(Illuminate\\Http\\Request))
#36 /Users/agnojf/Documents/alson-workspace/projects/lead-lab/application/source/vendor/laravel/framework/src/Illuminate/Foundation/Http/Middleware/TrimStrings.php(51): Illuminate\\Foundation\\Http\\Middleware\\TransformsRequest->handle(Object(Illuminate\\Http\\Request), Object(Closure))
#37 /Users/agnojf/Documents/alson-workspace/projects/lead-lab/application/source/vendor/laravel/framework/src/Illuminate/Pipeline/Pipeline.php(219): Illuminate\\Foundation\\Http\\Middleware\\TrimStrings->handle(Object(Illuminate\\Http\\Request), Object(Closure))
#38 /Users/agnojf/Documents/alson-workspace/projects/lead-lab/application/source/vendor/laravel/framework/src/Illuminate/Http/Middleware/ValidatePostSize.php(27): Illuminate\\Pipeline\\Pipeline->{closure:{closure:Illuminate\\Pipeline\\Pipeline::carry():194}:195}(Object(Illuminate\\Http\\Request))
#39 /Users/agnojf/Documents/alson-workspace/projects/lead-lab/application/source/vendor/laravel/framework/src/Illuminate/Pipeline/Pipeline.php(219): Illuminate\\Http\\Middleware\\ValidatePostSize->handle(Object(Illuminate\\Http\\Request), Object(Closure))
#40 /Users/agnojf/Documents/alson-workspace/projects/lead-lab/application/source/vendor/laravel/framework/src/Illuminate/Foundation/Http/Middleware/PreventRequestsDuringMaintenance.php(110): Illuminate\\Pipeline\\Pipeline->{closure:{closure:Illuminate\\Pipeline\\Pipeline::carry():194}:195}(Object(Illuminate\\Http\\Request))
#41 /Users/agnojf/Documents/alson-workspace/projects/lead-lab/application/source/vendor/laravel/framework/src/Illuminate/Pipeline/Pipeline.php(219): Illuminate\\Foundation\\Http\\Middleware\\PreventRequestsDuringMaintenance->handle(Object(Illuminate\\Http\\Request), Object(Closure))
#42 /Users/agnojf/Documents/alson-workspace/projects/lead-lab/application/source/vendor/laravel/framework/src/Illuminate/Http/Middleware/HandleCors.php(61): Illuminate\\Pipeline\\Pipeline->{closure:{closure:Illuminate\\Pipeline\\Pipeline::carry():194}:195}(Object(Illuminate\\Http\\Request))
#43 /Users/agnojf/Documents/alson-workspace/projects/lead-lab/application/source/vendor/laravel/framework/src/Illuminate/Pipeline/Pipeline.php(219): Illuminate\\Http\\Middleware\\HandleCors->handle(Object(Illuminate\\Http\\Request), Object(Closure))
#44 /Users/agnojf/Documents/alson-workspace/projects/lead-lab/application/source/vendor/laravel/framework/src/Illuminate/Http/Middleware/TrustProxies.php(58): Illuminate\\Pipeline\\Pipeline->{closure:{closure:Illuminate\\Pipeline\\Pipeline::carry():194}:195}(Object(Illuminate\\Http\\Request))
#45 /Users/agnojf/Documents/alson-workspace/projects/lead-lab/application/source/vendor/laravel/framework/src/Illuminate/Pipeline/Pipeline.php(219): Illuminate\\Http\\Middleware\\TrustProxies->handle(Object(Illuminate\\Http\\Request), Object(Closure))
#46 /Users/agnojf/Documents/alson-workspace/projects/lead-lab/application/source/vendor/laravel/framework/src/Illuminate/Foundation/Http/Middleware/InvokeDeferredCallbacks.php(22): Illuminate\\Pipeline\\Pipeline->{closure:{closure:Illuminate\\Pipeline\\Pipeline::carry():194}:195}(Object(Illuminate\\Http\\Request))
#47 /Users/agnojf/Documents/alson-workspace/projects/lead-lab/application/source/vendor/laravel/framework/src/Illuminate/Pipeline/Pipeline.php(219): Illuminate\\Foundation\\Http\\Middleware\\InvokeDeferredCallbacks->handle(Object(Illuminate\\Http\\Request), Object(Closure))
#48 /Users/agnojf/Documents/alson-workspace/projects/lead-lab/application/source/vendor/laravel/framework/src/Illuminate/Http/Middleware/ValidatePathEncoding.php(28): Illuminate\\Pipeline\\Pipeline->{closure:{closure:Illuminate\\Pipeline\\Pipeline::carry():194}:195}(Object(Illuminate\\Http\\Request))
#49 /Users/agnojf/Documents/alson-workspace/projects/lead-lab/application/source/vendor/laravel/framework/src/Illuminate/Pipeline/Pipeline.php(219): Illuminate\\Http\\Middleware\\ValidatePathEncoding->handle(Object(Illuminate\\Http\\Request), Object(Closure))
#50 /Users/agnojf/Documents/alson-workspace/projects/lead-lab/application/source/vendor/laravel/framework/src/Illuminate/Pipeline/Pipeline.php(137): Illuminate\\Pipeline\\Pipeline->{closure:{closure:Illuminate\\Pipeline\\Pipeline::carry():194}:195}(Object(Illuminate\\Http\\Request))
#51 /Users/agnojf/Documents/alson-workspace/projects/lead-lab/application/source/vendor/laravel/framework/src/Illuminate/Foundation/Http/Kernel.php(175): Illuminate\\Pipeline\\Pipeline->then(Object(Closure))
#52 /Users/agnojf/Documents/alson-workspace/projects/lead-lab/application/source/vendor/laravel/framework/src/Illuminate/Foundation/Http/Kernel.php(144): Illuminate\\Foundation\\Http\\Kernel->sendRequestThroughRouter(Object(Illuminate\\Http\\Request))
#53 /Users/agnojf/Documents/alson-workspace/projects/lead-lab/application/source/vendor/laravel/framework/src/Illuminate/Foundation/Testing/Concerns/MakesHttpRequests.php(638): Illuminate\\Foundation\\Http\\Kernel->handle(Object(Illuminate\\Http\\Request))
#54 /Users/agnojf/Documents/alson-workspace/projects/lead-lab/application/source/vendor/laravel/framework/src/Illuminate/Foundation/Testing/Concerns/MakesHttpRequests.php(368): Illuminate\\Foundation\\Testing\\TestCase->call('GET', 'http://localhos...', Array, Array, Array, Array)
#55 /Users/agnojf/Documents/alson-workspace/projects/lead-lab/application/source/tests/Feature/DashboardTest.php(24): Illuminate\\Foundation\\Testing\\TestCase->get('http://localhos...')
#56 /Users/agnojf/Documents/alson-workspace/projects/lead-lab/application/source/vendor/phpunit/phpunit/src/Framework/TestCase.php(1318): Tests\\Feature\\DashboardTest->test_authenticated_users_can_visit_the_dashboard()
#57 /Users/agnojf/Documents/alson-workspace/projects/lead-lab/application/source/vendor/phpunit/phpunit/src/Framework/TestCase.php(1355): PHPUnit\\Framework\\TestCase->invokeTestMethod('test_authentica...', Array)
#58 /Users/agnojf/Documents/alson-workspace/projects/lead-lab/application/source/vendor/phpunit/phpunit/src/Framework/TestCase.php(521): PHPUnit\\Framework\\TestCase->runTest()
#59 /Users/agnojf/Documents/alson-workspace/projects/lead-lab/application/source/vendor/phpunit/phpunit/src/Framework/TestRunner/TestRunner.php(99): PHPUnit\\Framework\\TestCase->runBare()
#60 /Users/agnojf/Documents/alson-workspace/projects/lead-lab/application/source/vendor/phpunit/phpunit/src/Framework/TestCase.php(361): PHPUnit\\Framework\\TestRunner->run(Object(Tests\\Feature\\DashboardTest))
#61 /Users/agnojf/Documents/alson-workspace/projects/lead-lab/application/source/vendor/phpunit/phpunit/src/Framework/TestSuite.php(374): PHPUnit\\Framework\\TestCase->run()
#62 /Users/agnojf/Documents/alson-workspace/projects/lead-lab/application/source/vendor/phpunit/phpunit/src/Framework/TestSuite.php(374): PHPUnit\\Framework\\TestSuite->run()
#63 /Users/agnojf/Documents/alson-workspace/projects/lead-lab/application/source/vendor/phpunit/phpunit/src/Framework/TestSuite.php(374): PHPUnit\\Framework\\TestSuite->run()
#64 /Users/agnojf/Documents/alson-workspace/projects/lead-lab/application/source/vendor/phpunit/phpunit/src/TextUI/TestRunner.php(64): PHPUnit\\Framework\\TestSuite->run()
#65 /Users/agnojf/Documents/alson-workspace/projects/lead-lab/application/source/vendor/phpunit/phpunit/src/TextUI/Application.php(229): PHPUnit\\TextUI\\TestRunner->run(Object(PHPUnit\\TextUI\\Configuration\\Configuration), Object(PHPUnit\\Runner\\ResultCache\\DefaultResultCache), Object(PHPUnit\\Framework\\TestSuite))
#66 /Users/agnojf/Documents/alson-workspace/projects/lead-lab/application/source/vendor/phpunit/phpunit/phpunit(104): PHPUnit\\TextUI\\Application->run(Array)
#67 {main}
"} 
[2026-08-19 04:17:26] testing.ERROR: Unable to locate file in Vite manifest: resources/js/pages/sessions/show.tsx. (View: /Users/agnojf/Documents/alson-workspace/projects/lead-lab/application/source/resources/views/app.blade.php) {"userId":1,"exception":"[object] (Illuminate\\View\\ViewException(code: 0): Unable to locate file in Vite manifest: resources/js/pages/sessions/show.tsx. (View: /Users/agnojf/Documents/alson-workspace/projects/lead-lab/application/source/resources/views/app.blade.php) at /Users/agnojf/Documents/alson-workspace/projects/lead-lab/application/source/vendor/laravel/framework/src/Illuminate/Foundation/Vite.php:1042)
[stacktrace]
#0 /Users/agnojf/Documents/alson-workspace/projects/lead-lab/application/source/vendor/laravel/framework/src/Illuminate/View/Engines/PhpEngine.php(59): Illuminate\\View\\Engines\\CompilerEngine->handleViewException(Object(Illuminate\\Foundation\\ViteException), 1)
#1 /Users/agnojf/Documents/alson-workspace/projects/lead-lab/application/source/vendor/laravel/framework/src/Illuminate/View/Engines/CompilerEngine.php(76): Illuminate\\View\\Engines\\PhpEngine->evaluatePath('/Users/agnojf/D...', Array)
#2 /Users/agnojf/Documents/alson-workspace/projects/lead-lab/application/source/vendor/laravel/framework/src/Illuminate/View/View.php(208): Illuminate\\View\\Engines\\CompilerEngine->get('/Users/agnojf/D...', Array)
#3 /Users/agnojf/Documents/alson-workspace/projects/lead-lab/application/source/vendor/laravel/framework/src/Illuminate/View/View.php(191): Illuminate\\View\\View->getContents()
#4 /Users/agnojf/Documents/alson-workspace/projects/lead-lab/application/source/vendor/laravel/framework/src/Illuminate/View/View.php(160): Illuminate\\View\\View->renderContents()
#5 /Users/agnojf/Documents/alson-workspace/projects/lead-lab/application/source/vendor/laravel/framework/src/Illuminate/Http/Response.php(82): Illuminate\\View\\View->render()
#6 /Users/agnojf/Documents/alson-workspace/projects/lead-lab/application/source/vendor/laravel/framework/src/Illuminate/Http/Response.php(40): Illuminate\\Http\\Response->setContent(Object(Illuminate\\View\\View))
#7 /Users/agnojf/Documents/alson-workspace/projects/lead-lab/application/source/vendor/laravel/framework/src/Illuminate/Routing/ResponseFactory.php(61): Illuminate\\Http\\Response->__construct(Object(Illuminate\\View\\View), 200, Array)
#8 /Users/agnojf/Documents/alson-workspace/projects/lead-lab/application/source/vendor/laravel/framework/src/Illuminate/Routing/ResponseFactory.php(91): Illuminate\\Routing\\ResponseFactory->make(Object(Illuminate\\View\\View), 200, Array)
#9 /Users/agnojf/Documents/alson-workspace/projects/lead-lab/application/source/vendor/laravel/framework/src/Illuminate/Support/Facades/Facade.php(364): Illuminate\\Routing\\ResponseFactory->view('app', Array)
#10 /Users/agnojf/Documents/alson-workspace/projects/lead-lab/application/source/vendor/inertiajs/inertia-laravel/src/Response.php(214): Illuminate\\Support\\Facades\\Facade::__callStatic('view', Array)
#11 /Users/agnojf/Documents/alson-workspace/projects/lead-lab/application/source/vendor/laravel/framework/src/Illuminate/Routing/Router.php(921): Inertia\\Response->toResponse(Object(Illuminate\\Http\\Request))
#12 /Users/agnojf/Documents/alson-workspace/projects/lead-lab/application/source/vendor/laravel/framework/src/Illuminate/Routing/Router.php(906): Illuminate\\Routing\\Router::toResponse(Object(Illuminate\\Http\\Request), Object(Inertia\\Response))
#13 /Users/agnojf/Documents/alson-workspace/projects/lead-lab/application/source/vendor/laravel/framework/src/Illuminate/Routing/Router.php(821): Illuminate\\Routing\\Router->prepareResponse(Object(Illuminate\\Http\\Request), Object(Inertia\\Response))
#14 /Users/agnojf/Documents/alson-workspace/projects/lead-lab/application/source/vendor/laravel/framework/src/Illuminate/Pipeline/Pipeline.php(180): Illuminate\\Routing\\Router->{closure:Illuminate\\Routing\\Router::runRouteWithinStack():821}(Object(Illuminate\\Http\\Request))
#15 /Users/agnojf/Documents/alson-workspace/projects/lead-lab/application/source/app/Http/Middleware/EnsureActiveUser.php(24): Illuminate\\Pipeline\\Pipeline->{closure:Illuminate\\Pipeline\\Pipeline::prepareDestination():178}(Object(Illuminate\\Http\\Request))
#16 /Users/agnojf/Documents/alson-workspace/projects/lead-lab/application/source/vendor/laravel/framework/src/Illuminate/Pipeline/Pipeline.php(219): App\\Http\\Middleware\\EnsureActiveUser->handle(Object(Illuminate\\Http\\Request), Object(Closure))
#17 /Users/agnojf/Documents/alson-workspace/projects/lead-lab/application/source/vendor/laravel/framework/src/Illuminate/Http/Middleware/AddLinkHeadersForPreloadedAssets.php(32): Illuminate\\Pipeline\\Pipeline->{closure:{closure:Illuminate\\Pipeline\\Pipeline::carry():194}:195}(Object(Illuminate\\Http\\Request))
#18 /Users/agnojf/Documents/alson-workspace/projects/lead-lab/application/source/vendor/laravel/framework/src/Illuminate/Pipeline/Pipeline.php(219): Illuminate\\Http\\Middleware\\AddLinkHeadersForPreloadedAssets->handle(Object(Illuminate\\Http\\Request), Object(Closure))
#19 /Users/agnojf/Documents/alson-workspace/projects/lead-lab/application/source/vendor/inertiajs/inertia-laravel/src/Middleware.php(147): Illuminate\\Pipeline\\Pipeline->{closure:{closure:Illuminate\\Pipeline\\Pipeline::carry():194}:195}(Object(Illuminate\\Http\\Request))
#20 /Users/agnojf/Documents/alson-workspace/projects/lead-lab/application/source/vendor/laravel/framework/src/Illuminate/Pipeline/Pipeline.php(219): Inertia\\Middleware->handle(Object(Illuminate\\Http\\Request), Object(Closure))
#21 /Users/agnojf/Documents/alson-workspace/projects/lead-lab/application/source/app/Http/Middleware/HandleAppearance.php(21): Illuminate\\Pipeline\\Pipeline->{closure:{closure:Illuminate\\Pipeline\\Pipeline::carry():194}:195}(Object(Illuminate\\Http\\Request))
#22 /Users/agnojf/Documents/alson-workspace/projects/lead-lab/application/source/vendor/laravel/framework/src/Illuminate/Pipeline/Pipeline.php(219): App\\Http\\Middleware\\HandleAppearance->handle(Object(Illuminate\\Http\\Request), Object(Closure))
#23 /Users/agnojf/Documents/alson-workspace/projects/lead-lab/application/source/vendor/laravel/framework/src/Illuminate/Routing/Middleware/SubstituteBindings.php(52): Illuminate\\Pipeline\\Pipeline->{closure:{closure:Illuminate\\Pipeline\\Pipeline::carry():194}:195}(Object(Illuminate\\Http\\Request))
#24 /Users/agnojf/Documents/alson-workspace/projects/lead-lab/application/source/vendor/laravel/framework/src/Illuminate/Pipeline/Pipeline.php(219): Illuminate\\Routing\\Middleware\\SubstituteBindings->handle(Object(Illuminate\\Http\\Request), Object(Closure))
#25 /Users/agnojf/Documents/alson-workspace/projects/lead-lab/application/source/vendor/laravel/framework/src/Illuminate/Auth/Middleware/Authenticate.php(63): Illuminate\\Pipeline\\Pipeline->{closure:{closure:Illuminate\\Pipeline\\Pipeline::carry():194}:195}(Object(Illuminate\\Http\\Request))
#26 /Users/agnojf/Documents/alson-workspace/projects/lead-lab/application/source/vendor/laravel/framework/src/Illuminate/Pipeline/Pipeline.php(219): Illuminate\\Auth\\Middleware\\Authenticate->handle(Object(Illuminate\\Http\\Request), Object(Closure))
#27 /Users/agnojf/Documents/alson-workspace/projects/lead-lab/application/source/vendor/laravel/framework/src/Illuminate/Foundation/Http/Middleware/PreventRequestForgery.php(104): Illuminate\\Pipeline\\Pipeline->{closure:{closure:Illuminate\\Pipeline\\Pipeline::carry():194}:195}(Object(Illuminate\\Http\\Request))
#28 /Users/agnojf/Documents/alson-workspace/projects/lead-lab/application/source/vendor/laravel/framework/src/Illuminate/Pipeline/Pipeline.php(219): Illuminate\\Foundation\\Http\\Middleware\\PreventRequestForgery->handle(Object(Illuminate\\Http\\Request), Object(Closure))
#29 /Users/agnojf/Documents/alson-workspace/projects/lead-lab/application/source/vendor/laravel/framework/src/Illuminate/View/Middleware/ShareErrorsFromSession.php(48): Illuminate\\Pipeline\\Pipeline->{closure:{closure:Illuminate\\Pipeline\\Pipeline::carry():194}:195}(Object(Illuminate\\Http\\Request))
#30 /Users/agnojf/Documents/alson-workspace/projects/lead-lab/application/source/vendor/laravel/framework/src/Illuminate/Pipeline/Pipeline.php(219): Illuminate\\View\\Middleware\\ShareErrorsFromSession->handle(Object(Illuminate\\Http\\Request), Object(Closure))
#31 /Users/agnojf/Documents/alson-workspace/projects/lead-lab/application/source/vendor/laravel/framework/src/Illuminate/Session/Middleware/StartSession.php(120): Illuminate\\Pipeline\\Pipeline->{closure:{closure:Illuminate\\Pipeline\\Pipeline::carry():194}:195}(Object(Illuminate\\Http\\Request))
#32 /Users/agnojf/Documents/alson-workspace/projects/lead-lab/application/source/vendor/laravel/framework/src/Illuminate/Session/Middleware/StartSession.php(63): Illuminate\\Session\\Middleware\\StartSession->handleStatefulRequest(Object(Illuminate\\Http\\Request), Object(Illuminate\\Session\\Store), Object(Closure))
#33 /Users/agnojf/Documents/alson-workspace/projects/lead-lab/application/source/vendor/laravel/framework/src/Illuminate/Pipeline/Pipeline.php(219): Illuminate\\Session\\Middleware\\StartSession->handle(Object(Illuminate\\Http\\Request), Object(Closure))
#34 /Users/agnojf/Documents/alson-workspace/projects/lead-lab/application/source/vendor/laravel/framework/src/Illuminate/Cookie/Middleware/AddQueuedCookiesToResponse.php(36): Illuminate\\Pipeline\\Pipeline->{closure:{closure:Illuminate\\Pipeline\\Pipeline::carry():194}:195}(Object(Illuminate\\Http\\Request))
#35 /Users/agnojf/Documents/alson-workspace/projects/lead-lab/application/source/vendor/laravel/framework/src/Illuminate/Pipeline/Pipeline.php(219): Illuminate\\Cookie\\Middleware\\AddQueuedCookiesToResponse->handle(Object(Illuminate\\Http\\Request), Object(Closure))
#36 /Users/agnojf/Documents/alson-workspace/projects/lead-lab/application/source/vendor/laravel/framework/src/Illuminate/Cookie/Middleware/EncryptCookies.php(74): Illuminate\\Pipeline\\Pipeline->{closure:{closure:Illuminate\\Pipeline\\Pipeline::carry():194}:195}(Object(Illuminate\\Http\\Request))
#37 /Users/agnojf/Documents/alson-workspace/projects/lead-lab/application/source/vendor/laravel/framework/src/Illuminate/Pipeline/Pipeline.php(219): Illuminate\\Cookie\\Middleware\\EncryptCookies->handle(Object(Illuminate\\Http\\Request), Object(Closure))
#38 /Users/agnojf/Documents/alson-workspace/projects/lead-lab/application/source/vendor/laravel/framework/src/Illuminate/Pipeline/Pipeline.php(137): Illuminate\\Pipeline\\Pipeline->{closure:{closure:Illuminate\\Pipeline\\Pipeline::carry():194}:195}(Object(Illuminate\\Http\\Request))
#39 /Users/agnojf/Documents/alson-workspace/projects/lead-lab/application/source/vendor/laravel/framework/src/Illuminate/Routing/Router.php(821): Illuminate\\Pipeline\\Pipeline->then(Object(Closure))
#40 /Users/agnojf/Documents/alson-workspace/projects/lead-lab/application/source/vendor/laravel/framework/src/Illuminate/Routing/Router.php(800): Illuminate\\Routing\\Router->runRouteWithinStack(Object(Illuminate\\Routing\\Route), Object(Illuminate\\Http\\Request))
#41 /Users/agnojf/Documents/alson-workspace/projects/lead-lab/application/source/vendor/laravel/framework/src/Illuminate/Routing/Router.php(764): Illuminate\\Routing\\Router->runRoute(Object(Illuminate\\Http\\Request), Object(Illuminate\\Routing\\Route))
#42 /Users/agnojf/Documents/alson-workspace/projects/lead-lab/application/source/vendor/laravel/framework/src/Illuminate/Routing/Router.php(753): Illuminate\\Routing\\Router->dispatchToRoute(Object(Illuminate\\Http\\Request))
#43 /Users/agnojf/Documents/alson-workspace/projects/lead-lab/application/source/vendor/laravel/framework/src/Illuminate/Foundation/Http/Kernel.php(200): Illuminate\\Routing\\Router->dispatch(Object(Illuminate\\Http\\Request))
#44 /Users/agnojf/Documents/alson-workspace/projects/lead-lab/application/source/vendor/laravel/framework/src/Illuminate/Pipeline/Pipeline.php(180): Illuminate\\Foundation\\Http\\Kernel->{closure:Illuminate\\Foundation\\Http\\Kernel::dispatchToRouter():197}(Object(Illuminate\\Http\\Request))
#45 /Users/agnojf/Documents/alson-workspace/projects/lead-lab/application/source/vendor/inertiajs/inertia-laravel/src/Middleware/EnsureGetOnRedirect.php(19): Illuminate\\Pipeline\\Pipeline->{closure:Illuminate\\Pipeline\\Pipeline::prepareDestination():178}(Object(Illuminate\\Http\\Request))
#46 /Users/agnojf/Documents/alson-workspace/projects/lead-lab/application/source/vendor/laravel/framework/src/Illuminate/Pipeline/Pipeline.php(219): Inertia\\Middleware\\EnsureGetOnRedirect->handle(Object(Illuminate\\Http\\Request), Object(Closure))
#47 /Users/agnojf/Documents/alson-workspace/projects/lead-lab/application/source/vendor/laravel/framework/src/Illuminate/Foundation/Http/Middleware/TransformsRequest.php(21): Illuminate\\Pipeline\\Pipeline->{closure:{closure:Illuminate\\Pipeline\\Pipeline::carry():194}:195}(Object(Illuminate\\Http\\Request))
#48 /Users/agnojf/Documents/alson-workspace/projects/lead-lab/application/source/vendor/laravel/framework/src/Illuminate/Foundation/Http/Middleware/ConvertEmptyStringsToNull.php(31): Illuminate\\Foundation\\Http\\Middleware\\TransformsRequest->handle(Object(Illuminate\\Http\\Request), Object(Closure))
#49 /Users/agnojf/Documents/alson-workspace/projects/lead-lab/application/source/vendor/laravel/framework/src/Illuminate/Pipeline/Pipeline.php(219): Illuminate\\Foundation\\Http\\Middleware\\ConvertEmptyStringsToNull->handle(Object(Illuminate\\Http\\Request), Object(Closure))
#50 /Users/agnojf/Documents/alson-workspace/projects/lead-lab/application/source/vendor/laravel/framework/src/Illuminate/Foundation/Http/Middleware/TransformsRequest.php(21): Illuminate\\Pipeline\\Pipeline->{closure:{closure:Illuminate\\Pipeline\\Pipeline::carry():194}:195}(Object(Illuminate\\Http\\Request))
#51 /Users/agnojf/Documents/alson-workspace/projects/lead-lab/application/source/vendor/laravel/framework/src/Illuminate/Foundation/Http/Middleware/TrimStrings.php(51): Illuminate\\Foundation\\Http\\Middleware\\TransformsRequest->handle(Object(Illuminate\\Http\\Request), Object(Closure))
#52 /Users/agnojf/Documents/alson-workspace/projects/lead-lab/application/source/vendor/laravel/framework/src/Illuminate/Pipeline/Pipeline.php(219): Illuminate\\Foundation\\Http\\Middleware\\TrimStrings->handle(Object(Illuminate\\Http\\Request), Object(Closure))
#53 /Users/agnojf/Documents/alson-workspace/projects/lead-lab/application/source/vendor/laravel/framework/src/Illuminate/Http/Middleware/ValidatePostSize.php(27): Illuminate\\Pipeline\\Pipeline->{closure:{closure:Illuminate\\Pipeline\\Pipeline::carry():194}:195}(Object(Illuminate\\Http\\Request))
#54 /Users/agnojf/Documents/alson-workspace/projects/lead-lab/application/source/vendor/laravel/framework/src/Illuminate/Pipeline/Pipeline.php(219): Illuminate\\Http\\Middleware\\ValidatePostSize->handle(Object(Illuminate\\Http\\Request), Object(Closure))
#55 /Users/agnojf/Documents/alson-workspace/projects/lead-lab/application/source/vendor/laravel/framework/src/Illuminate/Foundation/Http/Middleware/PreventRequestsDuringMaintenance.php(110): Illuminate\\Pipeline\\Pipeline->{closure:{closure:Illuminate\\Pipeline\\Pipeline::carry():194}:195}(Object(Illuminate\\Http\\Request))
#56 /Users/agnojf/Documents/alson-workspace/projects/lead-lab/application/source/vendor/laravel/framework/src/Illuminate/Pipeline/Pipeline.php(219): Illuminate\\Foundation\\Http\\Middleware\\PreventRequestsDuringMaintenance->handle(Object(Illuminate\\Http\\Request), Object(Closure))
#57 /Users/agnojf/Documents/alson-workspace/projects/lead-lab/application/source/vendor/laravel/framework/src/Illuminate/Http/Middleware/HandleCors.php(61): Illuminate\\Pipeline\\Pipeline->{closure:{closure:Illuminate\\Pipeline\\Pipeline::carry():194}:195}(Object(Illuminate\\Http\\Request))
#58 /Users/agnojf/Documents/alson-workspace/projects/lead-lab/application/source/vendor/laravel/framework/src/Illuminate/Pipeline/Pipeline.php(219): Illuminate\\Http\\Middleware\\HandleCors->handle(Object(Illuminate\\Http\\Request), Object(Closure))
#59 /Users/agnojf/Documents/alson-workspace/projects/lead-lab/application/source/vendor/laravel/framework/src/Illuminate/Http/Middleware/TrustProxies.php(58): Illuminate\\Pipeline\\Pipeline->{closure:{closure:Illuminate\\Pipeline\\Pipeline::carry():194}:195}(Object(Illuminate\\Http\\Request))
#60 /Users/agnojf/Documents/alson-workspace/projects/lead-lab/application/source/vendor/laravel/framework/src/Illuminate/Pipeline/Pipeline.php(219): Illuminate\\Http\\Middleware\\TrustProxies->handle(Object(Illuminate\\Http\\Request), Object(Closure))
#61 /Users/agnojf/Documents/alson-workspace/projects/lead-lab/application/source/vendor/laravel/framework/src/Illuminate/Foundation/Http/Middleware/InvokeDeferredCallbacks.php(22): Illuminate\\Pipeline\\Pipeline->{closure:{closure:Illuminate\\Pipeline\\Pipeline::carry():194}:195}(Object(Illuminate\\Http\\Request))
#62 /Users/agnojf/Documents/alson-workspace/projects/lead-lab/application/source/vendor/laravel/framework/src/Illuminate/Pipeline/Pipeline.php(219): Illuminate\\Foundation\\Http\\Middleware\\InvokeDeferredCallbacks->handle(Object(Illuminate\\Http\\Request), Object(Closure))
#63 /Users/agnojf/Documents/alson-workspace/projects/lead-lab/application/source/vendor/laravel/framework/src/Illuminate/Http/Middleware/ValidatePathEncoding.php(28): Illuminate\\Pipeline\\Pipeline->{closure:{closure:Illuminate\\Pipeline\\Pipeline::carry():194}:195}(Object(Illuminate\\Http\\Request))
#64 /Users/agnojf/Documents/alson-workspace/projects/lead-lab/application/source/vendor/laravel/framework/src/Illuminate/Pipeline/Pipeline.php(219): Illuminate\\Http\\Middleware\\ValidatePathEncoding->handle(Object(Illuminate\\Http\\Request), Object(Closure))
#65 /Users/agnojf/Documents/alson-workspace/projects/lead-lab/application/source/vendor/laravel/framework/src/Illuminate/Pipeline/Pipeline.php(137): Illuminate\\Pipeline\\Pipeline->{closure:{closure:Illuminate\\Pipeline\\Pipeline::carry():194}:195}(Object(Illuminate\\Http\\Request))
#66 /Users/agnojf/Documents/alson-workspace/projects/lead-lab/application/source/vendor/laravel/framework/src/Illuminate/Foundation/Http/Kernel.php(175): Illuminate\\Pipeline\\Pipeline->then(Object(Closure))
#67 /Users/agnojf/Documents/alson-workspace/projects/lead-lab/application/source/vendor/laravel/framework/src/Illuminate/Foundation/Http/Kernel.php(144): Illuminate\\Foundation\\Http\\Kernel->sendRequestThroughRouter(Object(Illuminate\\Http\\Request))
#68 /Users/agnojf/Documents/alson-workspace/projects/lead-lab/application/source/vendor/laravel/framework/src/Illuminate/Foundation/Testing/Concerns/MakesHttpRequests.php(638): Illuminate\\Foundation\\Http\\Kernel->handle(Object(Illuminate\\Http\\Request))
#69 /Users/agnojf/Documents/alson-workspace/projects/lead-lab/application/source/vendor/laravel/framework/src/Illuminate/Foundation/Testing/Concerns/MakesHttpRequests.php(368): Illuminate\\Foundation\\Testing\\TestCase->call('GET', 'http://localhos...', Array, Array, Array, Array)
#70 /Users/agnojf/Documents/alson-workspace/projects/lead-lab/application/source/tests/Feature/LeadLabAccessTest.php(57): Illuminate\\Foundation\\Testing\\TestCase->get('http://localhos...')
#71 /Users/agnojf/Documents/alson-workspace/projects/lead-lab/application/source/vendor/phpunit/phpunit/src/Framework/TestCase.php(1318): Tests\\Feature\\LeadLabAccessTest->test_participants_can_view_published_sessions_and_download_resources()
#72 /Users/agnojf/Documents/alson-workspace/projects/lead-lab/application/source/vendor/phpunit/phpunit/src/Framework/TestCase.php(1355): PHPUnit\\Framework\\TestCase->invokeTestMethod('test_participan...', Array)
#73 /Users/agnojf/Documents/alson-workspace/projects/lead-lab/application/source/vendor/phpunit/phpunit/src/Framework/TestCase.php(521): PHPUnit\\Framework\\TestCase->runTest()
#74 /Users/agnojf/Documents/alson-workspace/projects/lead-lab/application/source/vendor/phpunit/phpunit/src/Framework/TestRunner/TestRunner.php(99): PHPUnit\\Framework\\TestCase->runBare()
#75 /Users/agnojf/Documents/alson-workspace/projects/lead-lab/application/source/vendor/phpunit/phpunit/src/Framework/TestCase.php(361): PHPUnit\\Framework\\TestRunner->run(Object(Tests\\Feature\\LeadLabAccessTest))
#76 /Users/agnojf/Documents/alson-workspace/projects/lead-lab/application/source/vendor/phpunit/phpunit/src/Framework/TestSuite.php(374): PHPUnit\\Framework\\TestCase->run()
#77 /Users/agnojf/Documents/alson-workspace/projects/lead-lab/application/source/vendor/phpunit/phpunit/src/Framework/TestSuite.php(374): PHPUnit\\Framework\\TestSuite->run()
#78 /Users/agnojf/Documents/alson-workspace/projects/lead-lab/application/source/vendor/phpunit/phpunit/src/TextUI/TestRunner.php(64): PHPUnit\\Framework\\TestSuite->run()
#79 /Users/agnojf/Documents/alson-workspace/projects/lead-lab/application/source/vendor/phpunit/phpunit/src/TextUI/Application.php(229): PHPUnit\\TextUI\\TestRunner->run(Object(PHPUnit\\TextUI\\Configuration\\Configuration), Object(PHPUnit\\Runner\\ResultCache\\DefaultResultCache), Object(PHPUnit\\Framework\\TestSuite))
#80 /Users/agnojf/Documents/alson-workspace/projects/lead-lab/application/source/vendor/phpunit/phpunit/phpunit(104): PHPUnit\\TextUI\\Application->run(Array)
#81 {main}

[previous exception] [object] (Illuminate\\Foundation\\ViteException(code: 0): Unable to locate file in Vite manifest: resources/js/pages/sessions/show.tsx. at /Users/agnojf/Documents/alson-workspace/projects/lead-lab/application/source/vendor/laravel/framework/src/Illuminate/Foundation/Vite.php:1042)
[stacktrace]
#0 /Users/agnojf/Documents/alson-workspace/projects/lead-lab/application/source/vendor/laravel/framework/src/Illuminate/Foundation/Vite.php(404): Illuminate\\Foundation\\Vite->chunk(Array, 'resources/js/pa...')
#1 /Users/agnojf/Documents/alson-workspace/projects/lead-lab/application/source/storage/framework/views/3e6a99cf09c2dbdc4bc406c8282626e4.php(40): Illuminate\\Foundation\\Vite->__invoke(Object(Illuminate\\Support\\Collection))
#2 /Users/agnojf/Documents/alson-workspace/projects/lead-lab/application/source/vendor/laravel/framework/src/Illuminate/Filesystem/Filesystem.php(123): require('/Users/agnojf/D...')
#3 /Users/agnojf/Documents/alson-workspace/projects/lead-lab/application/source/vendor/laravel/framework/src/Illuminate/Filesystem/Filesystem.php(124): Illuminate\\Filesystem\\Filesystem::{closure:Illuminate\\Filesystem\\Filesystem::getRequire():120}()
#4 /Users/agnojf/Documents/alson-workspace/projects/lead-lab/application/source/vendor/laravel/framework/src/Illuminate/View/Engines/PhpEngine.php(57): Illuminate\\Filesystem\\Filesystem->getRequire('/Users/agnojf/D...', Array)
#5 /Users/agnojf/Documents/alson-workspace/projects/lead-lab/application/source/vendor/laravel/framework/src/Illuminate/View/Engines/CompilerEngine.php(76): Illuminate\\View\\Engines\\PhpEngine->evaluatePath('/Users/agnojf/D...', Array)
#6 /Users/agnojf/Documents/alson-workspace/projects/lead-lab/application/source/vendor/laravel/framework/src/Illuminate/View/View.php(208): Illuminate\\View\\Engines\\CompilerEngine->get('/Users/agnojf/D...', Array)
#7 /Users/agnojf/Documents/alson-workspace/projects/lead-lab/application/source/vendor/laravel/framework/src/Illuminate/View/View.php(191): Illuminate\\View\\View->getContents()
#8 /Users/agnojf/Documents/alson-workspace/projects/lead-lab/application/source/vendor/laravel/framework/src/Illuminate/View/View.php(160): Illuminate\\View\\View->renderContents()
#9 /Users/agnojf/Documents/alson-workspace/projects/lead-lab/application/source/vendor/laravel/framework/src/Illuminate/Http/Response.php(82): Illuminate\\View\\View->render()
#10 /Users/agnojf/Documents/alson-workspace/projects/lead-lab/application/source/vendor/laravel/framework/src/Illuminate/Http/Response.php(40): Illuminate\\Http\\Response->setContent(Object(Illuminate\\View\\View))
#11 /Users/agnojf/Documents/alson-workspace/projects/lead-lab/application/source/vendor/laravel/framework/src/Illuminate/Routing/ResponseFactory.php(61): Illuminate\\Http\\Response->__construct(Object(Illuminate\\View\\View), 200, Array)
#12 /Users/agnojf/Documents/alson-workspace/projects/lead-lab/application/source/vendor/laravel/framework/src/Illuminate/Routing/ResponseFactory.php(91): Illuminate\\Routing\\ResponseFactory->make(Object(Illuminate\\View\\View), 200, Array)
#13 /Users/agnojf/Documents/alson-workspace/projects/lead-lab/application/source/vendor/laravel/framework/src/Illuminate/Support/Facades/Facade.php(364): Illuminate\\Routing\\ResponseFactory->view('app', Array)
#14 /Users/agnojf/Documents/alson-workspace/projects/lead-lab/application/source/vendor/inertiajs/inertia-laravel/src/Response.php(214): Illuminate\\Support\\Facades\\Facade::__callStatic('view', Array)
#15 /Users/agnojf/Documents/alson-workspace/projects/lead-lab/application/source/vendor/laravel/framework/src/Illuminate/Routing/Router.php(921): Inertia\\Response->toResponse(Object(Illuminate\\Http\\Request))
#16 /Users/agnojf/Documents/alson-workspace/projects/lead-lab/application/source/vendor/laravel/framework/src/Illuminate/Routing/Router.php(906): Illuminate\\Routing\\Router::toResponse(Object(Illuminate\\Http\\Request), Object(Inertia\\Response))
#17 /Users/agnojf/Documents/alson-workspace/projects/lead-lab/application/source/vendor/laravel/framework/src/Illuminate/Routing/Router.php(821): Illuminate\\Routing\\Router->prepareResponse(Object(Illuminate\\Http\\Request), Object(Inertia\\Response))
#18 /Users/agnojf/Documents/alson-workspace/projects/lead-lab/application/source/vendor/laravel/framework/src/Illuminate/Pipeline/Pipeline.php(180): Illuminate\\Routing\\Router->{closure:Illuminate\\Routing\\Router::runRouteWithinStack():821}(Object(Illuminate\\Http\\Request))
#19 /Users/agnojf/Documents/alson-workspace/projects/lead-lab/application/source/app/Http/Middleware/EnsureActiveUser.php(24): Illuminate\\Pipeline\\Pipeline->{closure:Illuminate\\Pipeline\\Pipeline::prepareDestination():178}(Object(Illuminate\\Http\\Request))
#20 /Users/agnojf/Documents/alson-workspace/projects/lead-lab/application/source/vendor/laravel/framework/src/Illuminate/Pipeline/Pipeline.php(219): App\\Http\\Middleware\\EnsureActiveUser->handle(Object(Illuminate\\Http\\Request), Object(Closure))
#21 /Users/agnojf/Documents/alson-workspace/projects/lead-lab/application/source/vendor/laravel/framework/src/Illuminate/Http/Middleware/AddLinkHeadersForPreloadedAssets.php(32): Illuminate\\Pipeline\\Pipeline->{closure:{closure:Illuminate\\Pipeline\\Pipeline::carry():194}:195}(Object(Illuminate\\Http\\Request))
#22 /Users/agnojf/Documents/alson-workspace/projects/lead-lab/application/source/vendor/laravel/framework/src/Illuminate/Pipeline/Pipeline.php(219): Illuminate\\Http\\Middleware\\AddLinkHeadersForPreloadedAssets->handle(Object(Illuminate\\Http\\Request), Object(Closure))
#23 /Users/agnojf/Documents/alson-workspace/projects/lead-lab/application/source/vendor/inertiajs/inertia-laravel/src/Middleware.php(147): Illuminate\\Pipeline\\Pipeline->{closure:{closure:Illuminate\\Pipeline\\Pipeline::carry():194}:195}(Object(Illuminate\\Http\\Request))
#24 /Users/agnojf/Documents/alson-workspace/projects/lead-lab/application/source/vendor/laravel/framework/src/Illuminate/Pipeline/Pipeline.php(219): Inertia\\Middleware->handle(Object(Illuminate\\Http\\Request), Object(Closure))
#25 /Users/agnojf/Documents/alson-workspace/projects/lead-lab/application/source/app/Http/Middleware/HandleAppearance.php(21): Illuminate\\Pipeline\\Pipeline->{closure:{closure:Illuminate\\Pipeline\\Pipeline::carry():194}:195}(Object(Illuminate\\Http\\Request))
#26 /Users/agnojf/Documents/alson-workspace/projects/lead-lab/application/source/vendor/laravel/framework/src/Illuminate/Pipeline/Pipeline.php(219): App\\Http\\Middleware\\HandleAppearance->handle(Object(Illuminate\\Http\\Request), Object(Closure))
#27 /Users/agnojf/Documents/alson-workspace/projects/lead-lab/application/source/vendor/laravel/framework/src/Illuminate/Routing/Middleware/SubstituteBindings.php(52): Illuminate\\Pipeline\\Pipeline->{closure:{closure:Illuminate\\Pipeline\\Pipeline::carry():194}:195}(Object(Illuminate\\Http\\Request))
#28 /Users/agnojf/Documents/alson-workspace/projects/lead-lab/application/source/vendor/laravel/framework/src/Illuminate/Pipeline/Pipeline.php(219): Illuminate\\Routing\\Middleware\\SubstituteBindings->handle(Object(Illuminate\\Http\\Request), Object(Closure))
#29 /Users/agnojf/Documents/alson-workspace/projects/lead-lab/application/source/vendor/laravel/framework/src/Illuminate/Auth/Middleware/Authenticate.php(63): Illuminate\\Pipeline\\Pipeline->{closure:{closure:Illuminate\\Pipeline\\Pipeline::carry():194}:195}(Object(Illuminate\\Http\\Request))
#30 /Users/agnojf/Documents/alson-workspace/projects/lead-lab/application/source/vendor/laravel/framework/src/Illuminate/Pipeline/Pipeline.php(219): Illuminate\\Auth\\Middleware\\Authenticate->handle(Object(Illuminate\\Http\\Request), Object(Closure))
#31 /Users/agnojf/Documents/alson-workspace/projects/lead-lab/application/source/vendor/laravel/framework/src/Illuminate/Foundation/Http/Middleware/PreventRequestForgery.php(104): Illuminate\\Pipeline\\Pipeline->{closure:{closure:Illuminate\\Pipeline\\Pipeline::carry():194}:195}(Object(Illuminate\\Http\\Request))
#32 /Users/agnojf/Documents/alson-workspace/projects/lead-lab/application/source/vendor/laravel/framework/src/Illuminate/Pipeline/Pipeline.php(219): Illuminate\\Foundation\\Http\\Middleware\\PreventRequestForgery->handle(Object(Illuminate\\Http\\Request), Object(Closure))
#33 /Users/agnojf/Documents/alson-workspace/projects/lead-lab/application/source/vendor/laravel/framework/src/Illuminate/View/Middleware/ShareErrorsFromSession.php(48): Illuminate\\Pipeline\\Pipeline->{closure:{closure:Illuminate\\Pipeline\\Pipeline::carry():194}:195}(Object(Illuminate\\Http\\Request))
#34 /Users/agnojf/Documents/alson-workspace/projects/lead-lab/application/source/vendor/laravel/framework/src/Illuminate/Pipeline/Pipeline.php(219): Illuminate\\View\\Middleware\\ShareErrorsFromSession->handle(Object(Illuminate\\Http\\Request), Object(Closure))
#35 /Users/agnojf/Documents/alson-workspace/projects/lead-lab/application/source/vendor/laravel/framework/src/Illuminate/Session/Middleware/StartSession.php(120): Illuminate\\Pipeline\\Pipeline->{closure:{closure:Illuminate\\Pipeline\\Pipeline::carry():194}:195}(Object(Illuminate\\Http\\Request))
#36 /Users/agnojf/Documents/alson-workspace/projects/lead-lab/application/source/vendor/laravel/framework/src/Illuminate/Session/Middleware/StartSession.php(63): Illuminate\\Session\\Middleware\\StartSession->handleStatefulRequest(Object(Illuminate\\Http\\Request), Object(Illuminate\\Session\\Store), Object(Closure))
#37 /Users/agnojf/Documents/alson-workspace/projects/lead-lab/application/source/vendor/laravel/framework/src/Illuminate/Pipeline/Pipeline.php(219): Illuminate\\Session\\Middleware\\StartSession->handle(Object(Illuminate\\Http\\Request), Object(Closure))
#38 /Users/agnojf/Documents/alson-workspace/projects/lead-lab/application/source/vendor/laravel/framework/src/Illuminate/Cookie/Middleware/AddQueuedCookiesToResponse.php(36): Illuminate\\Pipeline\\Pipeline->{closure:{closure:Illuminate\\Pipeline\\Pipeline::carry():194}:195}(Object(Illuminate\\Http\\Request))
#39 /Users/agnojf/Documents/alson-workspace/projects/lead-lab/application/source/vendor/laravel/framework/src/Illuminate/Pipeline/Pipeline.php(219): Illuminate\\Cookie\\Middleware\\AddQueuedCookiesToResponse->handle(Object(Illuminate\\Http\\Request), Object(Closure))
#40 /Users/agnojf/Documents/alson-workspace/projects/lead-lab/application/source/vendor/laravel/framework/src/Illuminate/Cookie/Middleware/EncryptCookies.php(74): Illuminate\\Pipeline\\Pipeline->{closure:{closure:Illuminate\\Pipeline\\Pipeline::carry():194}:195}(Object(Illuminate\\Http\\Request))
#41 /Users/agnojf/Documents/alson-workspace/projects/lead-lab/application/source/vendor/laravel/framework/src/Illuminate/Pipeline/Pipeline.php(219): Illuminate\\Cookie\\Middleware\\EncryptCookies->handle(Object(Illuminate\\Http\\Request), Object(Closure))
#42 /Users/agnojf/Documents/alson-workspace/projects/lead-lab/application/source/vendor/laravel/framework/src/Illuminate/Pipeline/Pipeline.php(137): Illuminate\\Pipeline\\Pipeline->{closure:{closure:Illuminate\\Pipeline\\Pipeline::carry():194}:195}(Object(Illuminate\\Http\\Request))
#43 /Users/agnojf/Documents/alson-workspace/projects/lead-lab/application/source/vendor/laravel/framework/src/Illuminate/Routing/Router.php(821): Illuminate\\Pipeline\\Pipeline->then(Object(Closure))
#44 /Users/agnojf/Documents/alson-workspace/projects/lead-lab/application/source/vendor/laravel/framework/src/Illuminate/Routing/Router.php(800): Illuminate\\Routing\\Router->runRouteWithinStack(Object(Illuminate\\Routing\\Route), Object(Illuminate\\Http\\Request))
#45 /Users/agnojf/Documents/alson-workspace/projects/lead-lab/application/source/vendor/laravel/framework/src/Illuminate/Routing/Router.php(764): Illuminate\\Routing\\Router->runRoute(Object(Illuminate\\Http\\Request), Object(Illuminate\\Routing\\Route))
#46 /Users/agnojf/Documents/alson-workspace/projects/lead-lab/application/source/vendor/laravel/framework/src/Illuminate/Routing/Router.php(753): Illuminate\\Routing\\Router->dispatchToRoute(Object(Illuminate\\Http\\Request))
#47 /Users/agnojf/Documents/alson-workspace/projects/lead-lab/application/source/vendor/laravel/framework/src/Illuminate/Foundation/Http/Kernel.php(200): Illuminate\\Routing\\Router->dispatch(Object(Illuminate\\Http\\Request))
#48 /Users/agnojf/Documents/alson-workspace/projects/lead-lab/application/source/vendor/laravel/framework/src/Illuminate/Pipeline/Pipeline.php(180): Illuminate\\Foundation\\Http\\Kernel->{closure:Illuminate\\Foundation\\Http\\Kernel::dispatchToRouter():197}(Object(Illuminate\\Http\\Request))
#49 /Users/agnojf/Documents/alson-workspace/projects/lead-lab/application/source/vendor/inertiajs/inertia-laravel/src/Middleware/EnsureGetOnRedirect.php(19): Illuminate\\Pipeline\\Pipeline->{closure:Illuminate\\Pipeline\\Pipeline::prepareDestination():178}(Object(Illuminate\\Http\\Request))
#50 /Users/agnojf/Documents/alson-workspace/projects/lead-lab/application/source/vendor/laravel/framework/src/Illuminate/Pipeline/Pipeline.php(219): Inertia\\Middleware\\EnsureGetOnRedirect->handle(Object(Illuminate\\Http\\Request), Object(Closure))
#51 /Users/agnojf/Documents/alson-workspace/projects/lead-lab/application/source/vendor/laravel/framework/src/Illuminate/Foundation/Http/Middleware/TransformsRequest.php(21): Illuminate\\Pipeline\\Pipeline->{closure:{closure:Illuminate\\Pipeline\\Pipeline::carry():194}:195}(Object(Illuminate\\Http\\Request))
#52 /Users/agnojf/Documents/alson-workspace/projects/lead-lab/application/source/vendor/laravel/framework/src/Illuminate/Foundation/Http/Middleware/ConvertEmptyStringsToNull.php(31): Illuminate\\Foundation\\Http\\Middleware\\TransformsRequest->handle(Object(Illuminate\\Http\\Request), Object(Closure))
#53 /Users/agnojf/Documents/alson-workspace/projects/lead-lab/application/source/vendor/laravel/framework/src/Illuminate/Pipeline/Pipeline.php(219): Illuminate\\Foundation\\Http\\Middleware\\ConvertEmptyStringsToNull->handle(Object(Illuminate\\Http\\Request), Object(Closure))
#54 /Users/agnojf/Documents/alson-workspace/projects/lead-lab/application/source/vendor/laravel/framework/src/Illuminate/Foundation/Http/Middleware/TransformsRequest.php(21): Illuminate\\Pipeline\\Pipeline->{closure:{closure:Illuminate\\Pipeline\\Pipeline::carry():194}:195}(Object(Illuminate\\Http\\Request))
#55 /Users/agnojf/Documents/alson-workspace/projects/lead-lab/application/source/vendor/laravel/framework/src/Illuminate/Foundation/Http/Middleware/TrimStrings.php(51): Illuminate\\Foundation\\Http\\Middleware\\TransformsRequest->handle(Object(Illuminate\\Http\\Request), Object(Closure))
#56 /Users/agnojf/Documents/alson-workspace/projects/lead-lab/application/source/vendor/laravel/framework/src/Illuminate/Pipeline/Pipeline.php(219): Illuminate\\Foundation\\Http\\Middleware\\TrimStrings->handle(Object(Illuminate\\Http\\Request), Object(Closure))
#57 /Users/agnojf/Documents/alson-workspace/projects/lead-lab/application/source/vendor/laravel/framework/src/Illuminate/Http/Middleware/ValidatePostSize.php(27): Illuminate\\Pipeline\\Pipeline->{closure:{closure:Illuminate\\Pipeline\\Pipeline::carry():194}:195}(Object(Illuminate\\Http\\Request))
#58 /Users/agnojf/Documents/alson-workspace/projects/lead-lab/application/source/vendor/laravel/framework/src/Illuminate/Pipeline/Pipeline.php(219): Illuminate\\Http\\Middleware\\ValidatePostSize->handle(Object(Illuminate\\Http\\Request), Object(Closure))
#59 /Users/agnojf/Documents/alson-workspace/projects/lead-lab/application/source/vendor/laravel/framework/src/Illuminate/Foundation/Http/Middleware/PreventRequestsDuringMaintenance.php(110): Illuminate\\Pipeline\\Pipeline->{closure:{closure:Illuminate\\Pipeline\\Pipeline::carry():194}:195}(Object(Illuminate\\Http\\Request))
#60 /Users/agnojf/Documents/alson-workspace/projects/lead-lab/application/source/vendor/laravel/framework/src/Illuminate/Pipeline/Pipeline.php(219): Illuminate\\Foundation\\Http\\Middleware\\PreventRequestsDuringMaintenance->handle(Object(Illuminate\\Http\\Request), Object(Closure))
#61 /Users/agnojf/Documents/alson-workspace/projects/lead-lab/application/source/vendor/laravel/framework/src/Illuminate/Http/Middleware/HandleCors.php(61): Illuminate\\Pipeline\\Pipeline->{closure:{closure:Illuminate\\Pipeline\\Pipeline::carry():194}:195}(Object(Illuminate\\Http\\Request))
#62 /Users/agnojf/Documents/alson-workspace/projects/lead-lab/application/source/vendor/laravel/framework/src/Illuminate/Pipeline/Pipeline.php(219): Illuminate\\Http\\Middleware\\HandleCors->handle(Object(Illuminate\\Http\\Request), Object(Closure))
#63 /Users/agnojf/Documents/alson-workspace/projects/lead-lab/application/source/vendor/laravel/framework/src/Illuminate/Http/Middleware/TrustProxies.php(58): Illuminate\\Pipeline\\Pipeline->{closure:{closure:Illuminate\\Pipeline\\Pipeline::carry():194}:195}(Object(Illuminate\\Http\\Request))
#64 /Users/agnojf/Documents/alson-workspace/projects/lead-lab/application/source/vendor/laravel/framework/src/Illuminate/Pipeline/Pipeline.php(219): Illuminate\\Http\\Middleware\\TrustProxies->handle(Object(Illuminate\\Http\\Request), Object(Closure))
#65 /Users/agnojf/Documents/alson-workspace/projects/lead-lab/application/source/vendor/laravel/framework/src/Illuminate/Foundation/Http/Middleware/InvokeDeferredCallbacks.php(22): Illuminate\\Pipeline\\Pipeline->{closure:{closure:Illuminate\\Pipeline\\Pipeline::carry():194}:195}(Object(Illuminate\\Http\\Request))
#66 /Users/agnojf/Documents/alson-workspace/projects/lead-lab/application/source/vendor/laravel/framework/src/Illuminate/Pipeline/Pipeline.php(219): Illuminate\\Foundation\\Http\\Middleware\\InvokeDeferredCallbacks->handle(Object(Illuminate\\Http\\Request), Object(Closure))
#67 /Users/agnojf/Documents/alson-workspace/projects/lead-lab/application/source/vendor/laravel/framework/src/Illuminate/Http/Middleware/ValidatePathEncoding.php(28): Illuminate\\Pipeline\\Pipeline->{closure:{closure:Illuminate\\Pipeline\\Pipeline::carry():194}:195}(Object(Illuminate\\Http\\Request))
#68 /Users/agnojf/Documents/alson-workspace/projects/lead-lab/application/source/vendor/laravel/framework/src/Illuminate/Pipeline/Pipeline.php(219): Illuminate\\Http\\Middleware\\ValidatePathEncoding->handle(Object(Illuminate\\Http\\Request), Object(Closure))
#69 /Users/agnojf/Documents/alson-workspace/projects/lead-lab/application/source/vendor/laravel/framework/src/Illuminate/Pipeline/Pipeline.php(137): Illuminate\\Pipeline\\Pipeline->{closure:{closure:Illuminate\\Pipeline\\Pipeline::carry():194}:195}(Object(Illuminate\\Http\\Request))
#70 /Users/agnojf/Documents/alson-workspace/projects/lead-lab/application/source/vendor/laravel/framework/src/Illuminate/Foundation/Http/Kernel.php(175): Illuminate\\Pipeline\\Pipeline->then(Object(Closure))
#71 /Users/agnojf/Documents/alson-workspace/projects/lead-lab/application/source/vendor/laravel/framework/src/Illuminate/Foundation/Http/Kernel.php(144): Illuminate\\Foundation\\Http\\Kernel->sendRequestThroughRouter(Object(Illuminate\\Http\\Request))
#72 /Users/agnojf/Documents/alson-workspace/projects/lead-lab/application/source/vendor/laravel/framework/src/Illuminate/Foundation/Testing/Concerns/MakesHttpRequests.php(638): Illuminate\\Foundation\\Http\\Kernel->handle(Object(Illuminate\\Http\\Request))
#73 /Users/agnojf/Documents/alson-workspace/projects/lead-lab/application/source/vendor/laravel/framework/src/Illuminate/Foundation/Testing/Concerns/MakesHttpRequests.php(368): Illuminate\\Foundation\\Testing\\TestCase->call('GET', 'http://localhos...', Array, Array, Array, Array)
#74 /Users/agnojf/Documents/alson-workspace/projects/lead-lab/application/source/tests/Feature/LeadLabAccessTest.php(57): Illuminate\\Foundation\\Testing\\TestCase->get('http://localhos...')
#75 /Users/agnojf/Documents/alson-workspace/projects/lead-lab/application/source/vendor/phpunit/phpunit/src/Framework/TestCase.php(1318): Tests\\Feature\\LeadLabAccessTest->test_participants_can_view_published_sessions_and_download_resources()
#76 /Users/agnojf/Documents/alson-workspace/projects/lead-lab/application/source/vendor/phpunit/phpunit/src/Framework/TestCase.php(1355): PHPUnit\\Framework\\TestCase->invokeTestMethod('test_participan...', Array)
#77 /Users/agnojf/Documents/alson-workspace/projects/lead-lab/application/source/vendor/phpunit/phpunit/src/Framework/TestCase.php(521): PHPUnit\\Framework\\TestCase->runTest()
#78 /Users/agnojf/Documents/alson-workspace/projects/lead-lab/application/source/vendor/phpunit/phpunit/src/Framework/TestRunner/TestRunner.php(99): PHPUnit\\Framework\\TestCase->runBare()
#79 /Users/agnojf/Documents/alson-workspace/projects/lead-lab/application/source/vendor/phpunit/phpunit/src/Framework/TestCase.php(361): PHPUnit\\Framework\\TestRunner->run(Object(Tests\\Feature\\LeadLabAccessTest))
#80 /Users/agnojf/Documents/alson-workspace/projects/lead-lab/application/source/vendor/phpunit/phpunit/src/Framework/TestSuite.php(374): PHPUnit\\Framework\\TestCase->run()
#81 /Users/agnojf/Documents/alson-workspace/projects/lead-lab/application/source/vendor/phpunit/phpunit/src/Framework/TestSuite.php(374): PHPUnit\\Framework\\TestSuite->run()
#82 /Users/agnojf/Documents/alson-workspace/projects/lead-lab/application/source/vendor/phpunit/phpunit/src/TextUI/TestRunner.php(64): PHPUnit\\Framework\\TestSuite->run()
#83 /Users/agnojf/Documents/alson-workspace/projects/lead-lab/application/source/vendor/phpunit/phpunit/src/TextUI/Application.php(229): PHPUnit\\TextUI\\TestRunner->run(Object(PHPUnit\\TextUI\\Configuration\\Configuration), Object(PHPUnit\\Runner\\ResultCache\\DefaultResultCache), Object(PHPUnit\\Framework\\TestSuite))
#84 /Users/agnojf/Documents/alson-workspace/projects/lead-lab/application/source/vendor/phpunit/phpunit/phpunit(104): PHPUnit\\TextUI\\Application->run(Array)
#85 {main}
"} 
[2026-08-19 04:17:26] testing.ERROR: Unable to locate file in Vite manifest: resources/js/pages/sessions/show.tsx. (View: /Users/agnojf/Documents/alson-workspace/projects/lead-lab/application/source/resources/views/app.blade.php) {"userId":2,"exception":"[object] (Illuminate\\View\\ViewException(code: 0): Unable to locate file in Vite manifest: resources/js/pages/sessions/show.tsx. (View: /Users/agnojf/Documents/alson-workspace/projects/lead-lab/application/source/resources/views/app.blade.php) at /Users/agnojf/Documents/alson-workspace/projects/lead-lab/application/source/vendor/laravel/framework/src/Illuminate/Foundation/Vite.php:1042)
[stacktrace]
#0 /Users/agnojf/Documents/alson-workspace/projects/lead-lab/application/source/vendor/laravel/framework/src/Illuminate/View/Engines/PhpEngine.php(59): Illuminate\\View\\Engines\\CompilerEngine->handleViewException(Object(Illuminate\\Foundation\\ViteException), 1)
#1 /Users/agnojf/Documents/alson-workspace/projects/lead-lab/application/source/vendor/laravel/framework/src/Illuminate/View/Engines/CompilerEngine.php(76): Illuminate\\View\\Engines\\PhpEngine->evaluatePath('/Users/agnojf/D...', Array)
#2 /Users/agnojf/Documents/alson-workspace/projects/lead-lab/application/source/vendor/laravel/framework/src/Illuminate/View/View.php(208): Illuminate\\View\\Engines\\CompilerEngine->get('/Users/agnojf/D...', Array)
#3 /Users/agnojf/Documents/alson-workspace/projects/lead-lab/application/source/vendor/laravel/framework/src/Illuminate/View/View.php(191): Illuminate\\View\\View->getContents()
#4 /Users/agnojf/Documents/alson-workspace/projects/lead-lab/application/source/vendor/laravel/framework/src/Illuminate/View/View.php(160): Illuminate\\View\\View->renderContents()
#5 /Users/agnojf/Documents/alson-workspace/projects/lead-lab/application/source/vendor/laravel/framework/src/Illuminate/Http/Response.php(82): Illuminate\\View\\View->render()
#6 /Users/agnojf/Documents/alson-workspace/projects/lead-lab/application/source/vendor/laravel/framework/src/Illuminate/Http/Response.php(40): Illuminate\\Http\\Response->setContent(Object(Illuminate\\View\\View))
#7 /Users/agnojf/Documents/alson-workspace/projects/lead-lab/application/source/vendor/laravel/framework/src/Illuminate/Routing/ResponseFactory.php(61): Illuminate\\Http\\Response->__construct(Object(Illuminate\\View\\View), 200, Array)
#8 /Users/agnojf/Documents/alson-workspace/projects/lead-lab/application/source/vendor/laravel/framework/src/Illuminate/Routing/ResponseFactory.php(91): Illuminate\\Routing\\ResponseFactory->make(Object(Illuminate\\View\\View), 200, Array)
#9 /Users/agnojf/Documents/alson-workspace/projects/lead-lab/application/source/vendor/laravel/framework/src/Illuminate/Support/Facades/Facade.php(364): Illuminate\\Routing\\ResponseFactory->view('app', Array)
#10 /Users/agnojf/Documents/alson-workspace/projects/lead-lab/application/source/vendor/inertiajs/inertia-laravel/src/Response.php(214): Illuminate\\Support\\Facades\\Facade::__callStatic('view', Array)
#11 /Users/agnojf/Documents/alson-workspace/projects/lead-lab/application/source/vendor/laravel/framework/src/Illuminate/Routing/Router.php(921): Inertia\\Response->toResponse(Object(Illuminate\\Http\\Request))
#12 /Users/agnojf/Documents/alson-workspace/projects/lead-lab/application/source/vendor/laravel/framework/src/Illuminate/Routing/Router.php(906): Illuminate\\Routing\\Router::toResponse(Object(Illuminate\\Http\\Request), Object(Inertia\\Response))
#13 /Users/agnojf/Documents/alson-workspace/projects/lead-lab/application/source/vendor/laravel/framework/src/Illuminate/Routing/Router.php(821): Illuminate\\Routing\\Router->prepareResponse(Object(Illuminate\\Http\\Request), Object(Inertia\\Response))
#14 /Users/agnojf/Documents/alson-workspace/projects/lead-lab/application/source/vendor/laravel/framework/src/Illuminate/Pipeline/Pipeline.php(180): Illuminate\\Routing\\Router->{closure:Illuminate\\Routing\\Router::runRouteWithinStack():821}(Object(Illuminate\\Http\\Request))
#15 /Users/agnojf/Documents/alson-workspace/projects/lead-lab/application/source/app/Http/Middleware/EnsureActiveUser.php(24): Illuminate\\Pipeline\\Pipeline->{closure:Illuminate\\Pipeline\\Pipeline::prepareDestination():178}(Object(Illuminate\\Http\\Request))
#16 /Users/agnojf/Documents/alson-workspace/projects/lead-lab/application/source/vendor/laravel/framework/src/Illuminate/Pipeline/Pipeline.php(219): App\\Http\\Middleware\\EnsureActiveUser->handle(Object(Illuminate\\Http\\Request), Object(Closure))
#17 /Users/agnojf/Documents/alson-workspace/projects/lead-lab/application/source/vendor/laravel/framework/src/Illuminate/Http/Middleware/AddLinkHeadersForPreloadedAssets.php(32): Illuminate\\Pipeline\\Pipeline->{closure:{closure:Illuminate\\Pipeline\\Pipeline::carry():194}:195}(Object(Illuminate\\Http\\Request))
#18 /Users/agnojf/Documents/alson-workspace/projects/lead-lab/application/source/vendor/laravel/framework/src/Illuminate/Pipeline/Pipeline.php(219): Illuminate\\Http\\Middleware\\AddLinkHeadersForPreloadedAssets->handle(Object(Illuminate\\Http\\Request), Object(Closure))
#19 /Users/agnojf/Documents/alson-workspace/projects/lead-lab/application/source/vendor/inertiajs/inertia-laravel/src/Middleware.php(147): Illuminate\\Pipeline\\Pipeline->{closure:{closure:Illuminate\\Pipeline\\Pipeline::carry():194}:195}(Object(Illuminate\\Http\\Request))
#20 /Users/agnojf/Documents/alson-workspace/projects/lead-lab/application/source/vendor/laravel/framework/src/Illuminate/Pipeline/Pipeline.php(219): Inertia\\Middleware->handle(Object(Illuminate\\Http\\Request), Object(Closure))
#21 /Users/agnojf/Documents/alson-workspace/projects/lead-lab/application/source/app/Http/Middleware/HandleAppearance.php(21): Illuminate\\Pipeline\\Pipeline->{closure:{closure:Illuminate\\Pipeline\\Pipeline::carry():194}:195}(Object(Illuminate\\Http\\Request))
#22 /Users/agnojf/Documents/alson-workspace/projects/lead-lab/application/source/vendor/laravel/framework/src/Illuminate/Pipeline/Pipeline.php(219): App\\Http\\Middleware\\HandleAppearance->handle(Object(Illuminate\\Http\\Request), Object(Closure))
#23 /Users/agnojf/Documents/alson-workspace/projects/lead-lab/application/source/vendor/laravel/framework/src/Illuminate/Routing/Middleware/SubstituteBindings.php(52): Illuminate\\Pipeline\\Pipeline->{closure:{closure:Illuminate\\Pipeline\\Pipeline::carry():194}:195}(Object(Illuminate\\Http\\Request))
#24 /Users/agnojf/Documents/alson-workspace/projects/lead-lab/application/source/vendor/laravel/framework/src/Illuminate/Pipeline/Pipeline.php(219): Illuminate\\Routing\\Middleware\\SubstituteBindings->handle(Object(Illuminate\\Http\\Request), Object(Closure))
#25 /Users/agnojf/Documents/alson-workspace/projects/lead-lab/application/source/vendor/laravel/framework/src/Illuminate/Auth/Middleware/Authenticate.php(63): Illuminate\\Pipeline\\Pipeline->{closure:{closure:Illuminate\\Pipeline\\Pipeline::carry():194}:195}(Object(Illuminate\\Http\\Request))
#26 /Users/agnojf/Documents/alson-workspace/projects/lead-lab/application/source/vendor/laravel/framework/src/Illuminate/Pipeline/Pipeline.php(219): Illuminate\\Auth\\Middleware\\Authenticate->handle(Object(Illuminate\\Http\\Request), Object(Closure))
#27 /Users/agnojf/Documents/alson-workspace/projects/lead-lab/application/source/vendor/laravel/framework/src/Illuminate/Foundation/Http/Middleware/PreventRequestForgery.php(104): Illuminate\\Pipeline\\Pipeline->{closure:{closure:Illuminate\\Pipeline\\Pipeline::carry():194}:195}(Object(Illuminate\\Http\\Request))
#28 /Users/agnojf/Documents/alson-workspace/projects/lead-lab/application/source/vendor/laravel/framework/src/Illuminate/Pipeline/Pipeline.php(219): Illuminate\\Foundation\\Http\\Middleware\\PreventRequestForgery->handle(Object(Illuminate\\Http\\Request), Object(Closure))
#29 /Users/agnojf/Documents/alson-workspace/projects/lead-lab/application/source/vendor/laravel/framework/src/Illuminate/View/Middleware/ShareErrorsFromSession.php(48): Illuminate\\Pipeline\\Pipeline->{closure:{closure:Illuminate\\Pipeline\\Pipeline::carry():194}:195}(Object(Illuminate\\Http\\Request))
#30 /Users/agnojf/Documents/alson-workspace/projects/lead-lab/application/source/vendor/laravel/framework/src/Illuminate/Pipeline/Pipeline.php(219): Illuminate\\View\\Middleware\\ShareErrorsFromSession->handle(Object(Illuminate\\Http\\Request), Object(Closure))
#31 /Users/agnojf/Documents/alson-workspace/projects/lead-lab/application/source/vendor/laravel/framework/src/Illuminate/Session/Middleware/StartSession.php(120): Illuminate\\Pipeline\\Pipeline->{closure:{closure:Illuminate\\Pipeline\\Pipeline::carry():194}:195}(Object(Illuminate\\Http\\Request))
#32 /Users/agnojf/Documents/alson-workspace/projects/lead-lab/application/source/vendor/laravel/framework/src/Illuminate/Session/Middleware/StartSession.php(63): Illuminate\\Session\\Middleware\\StartSession->handleStatefulRequest(Object(Illuminate\\Http\\Request), Object(Illuminate\\Session\\Store), Object(Closure))
#33 /Users/agnojf/Documents/alson-workspace/projects/lead-lab/application/source/vendor/laravel/framework/src/Illuminate/Pipeline/Pipeline.php(219): Illuminate\\Session\\Middleware\\StartSession->handle(Object(Illuminate\\Http\\Request), Object(Closure))
#34 /Users/agnojf/Documents/alson-workspace/projects/lead-lab/application/source/vendor/laravel/framework/src/Illuminate/Cookie/Middleware/AddQueuedCookiesToResponse.php(36): Illuminate\\Pipeline\\Pipeline->{closure:{closure:Illuminate\\Pipeline\\Pipeline::carry():194}:195}(Object(Illuminate\\Http\\Request))
#35 /Users/agnojf/Documents/alson-workspace/projects/lead-lab/application/source/vendor/laravel/framework/src/Illuminate/Pipeline/Pipeline.php(219): Illuminate\\Cookie\\Middleware\\AddQueuedCookiesToResponse->handle(Object(Illuminate\\Http\\Request), Object(Closure))
#36 /Users/agnojf/Documents/alson-workspace/projects/lead-lab/application/source/vendor/laravel/framework/src/Illuminate/Cookie/Middleware/EncryptCookies.php(74): Illuminate\\Pipeline\\Pipeline->{closure:{closure:Illuminate\\Pipeline\\Pipeline::carry():194}:195}(Object(Illuminate\\Http\\Request))
#37 /Users/agnojf/Documents/alson-workspace/projects/lead-lab/application/source/vendor/laravel/framework/src/Illuminate/Pipeline/Pipeline.php(219): Illuminate\\Cookie\\Middleware\\EncryptCookies->handle(Object(Illuminate\\Http\\Request), Object(Closure))
#38 /Users/agnojf/Documents/alson-workspace/projects/lead-lab/application/source/vendor/laravel/framework/src/Illuminate/Pipeline/Pipeline.php(137): Illuminate\\Pipeline\\Pipeline->{closure:{closure:Illuminate\\Pipeline\\Pipeline::carry():194}:195}(Object(Illuminate\\Http\\Request))
#39 /Users/agnojf/Documents/alson-workspace/projects/lead-lab/application/source/vendor/laravel/framework/src/Illuminate/Routing/Router.php(821): Illuminate\\Pipeline\\Pipeline->then(Object(Closure))
#40 /Users/agnojf/Documents/alson-workspace/projects/lead-lab/application/source/vendor/laravel/framework/src/Illuminate/Routing/Router.php(800): Illuminate\\Routing\\Router->runRouteWithinStack(Object(Illuminate\\Routing\\Route), Object(Illuminate\\Http\\Request))
#41 /Users/agnojf/Documents/alson-workspace/projects/lead-lab/application/source/vendor/laravel/framework/src/Illuminate/Routing/Router.php(764): Illuminate\\Routing\\Router->runRoute(Object(Illuminate\\Http\\Request), Object(Illuminate\\Routing\\Route))
#42 /Users/agnojf/Documents/alson-workspace/projects/lead-lab/application/source/vendor/laravel/framework/src/Illuminate/Routing/Router.php(753): Illuminate\\Routing\\Router->dispatchToRoute(Object(Illuminate\\Http\\Request))
#43 /Users/agnojf/Documents/alson-workspace/projects/lead-lab/application/source/vendor/laravel/framework/src/Illuminate/Foundation/Http/Kernel.php(200): Illuminate\\Routing\\Router->dispatch(Object(Illuminate\\Http\\Request))
#44 /Users/agnojf/Documents/alson-workspace/projects/lead-lab/application/source/vendor/laravel/framework/src/Illuminate/Pipeline/Pipeline.php(180): Illuminate\\Foundation\\Http\\Kernel->{closure:Illuminate\\Foundation\\Http\\Kernel::dispatchToRouter():197}(Object(Illuminate\\Http\\Request))
#45 /Users/agnojf/Documents/alson-workspace/projects/lead-lab/application/source/vendor/inertiajs/inertia-laravel/src/Middleware/EnsureGetOnRedirect.php(19): Illuminate\\Pipeline\\Pipeline->{closure:Illuminate\\Pipeline\\Pipeline::prepareDestination():178}(Object(Illuminate\\Http\\Request))
#46 /Users/agnojf/Documents/alson-workspace/projects/lead-lab/application/source/vendor/laravel/framework/src/Illuminate/Pipeline/Pipeline.php(219): Inertia\\Middleware\\EnsureGetOnRedirect->handle(Object(Illuminate\\Http\\Request), Object(Closure))
#47 /Users/agnojf/Documents/alson-workspace/projects/lead-lab/application/source/vendor/laravel/framework/src/Illuminate/Foundation/Http/Middleware/TransformsRequest.php(21): Illuminate\\Pipeline\\Pipeline->{closure:{closure:Illuminate\\Pipeline\\Pipeline::carry():194}:195}(Object(Illuminate\\Http\\Request))
#48 /Users/agnojf/Documents/alson-workspace/projects/lead-lab/application/source/vendor/laravel/framework/src/Illuminate/Foundation/Http/Middleware/ConvertEmptyStringsToNull.php(31): Illuminate\\Foundation\\Http\\Middleware\\TransformsRequest->handle(Object(Illuminate\\Http\\Request), Object(Closure))
#49 /Users/agnojf/Documents/alson-workspace/projects/lead-lab/application/source/vendor/laravel/framework/src/Illuminate/Pipeline/Pipeline.php(219): Illuminate\\Foundation\\Http\\Middleware\\ConvertEmptyStringsToNull->handle(Object(Illuminate\\Http\\Request), Object(Closure))
#50 /Users/agnojf/Documents/alson-workspace/projects/lead-lab/application/source/vendor/laravel/framework/src/Illuminate/Foundation/Http/Middleware/TransformsRequest.php(21): Illuminate\\Pipeline\\Pipeline->{closure:{closure:Illuminate\\Pipeline\\Pipeline::carry():194}:195}(Object(Illuminate\\Http\\Request))
#51 /Users/agnojf/Documents/alson-workspace/projects/lead-lab/application/source/vendor/laravel/framework/src/Illuminate/Foundation/Http/Middleware/TrimStrings.php(51): Illuminate\\Foundation\\Http\\Middleware\\TransformsRequest->handle(Object(Illuminate\\Http\\Request), Object(Closure))
#52 /Users/agnojf/Documents/alson-workspace/projects/lead-lab/application/source/vendor/laravel/framework/src/Illuminate/Pipeline/Pipeline.php(219): Illuminate\\Foundation\\Http\\Middleware\\TrimStrings->handle(Object(Illuminate\\Http\\Request), Object(Closure))
#53 /Users/agnojf/Documents/alson-workspace/projects/lead-lab/application/source/vendor/laravel/framework/src/Illuminate/Http/Middleware/ValidatePostSize.php(27): Illuminate\\Pipeline\\Pipeline->{closure:{closure:Illuminate\\Pipeline\\Pipeline::carry():194}:195}(Object(Illuminate\\Http\\Request))
#54 /Users/agnojf/Documents/alson-workspace/projects/lead-lab/application/source/vendor/laravel/framework/src/Illuminate/Pipeline/Pipeline.php(219): Illuminate\\Http\\Middleware\\ValidatePostSize->handle(Object(Illuminate\\Http\\Request), Object(Closure))
#55 /Users/agnojf/Documents/alson-workspace/projects/lead-lab/application/source/vendor/laravel/framework/src/Illuminate/Foundation/Http/Middleware/PreventRequestsDuringMaintenance.php(110): Illuminate\\Pipeline\\Pipeline->{closure:{closure:Illuminate\\Pipeline\\Pipeline::carry():194}:195}(Object(Illuminate\\Http\\Request))
#56 /Users/agnojf/Documents/alson-workspace/projects/lead-lab/application/source/vendor/laravel/framework/src/Illuminate/Pipeline/Pipeline.php(219): Illuminate\\Foundation\\Http\\Middleware\\PreventRequestsDuringMaintenance->handle(Object(Illuminate\\Http\\Request), Object(Closure))
#57 /Users/agnojf/Documents/alson-workspace/projects/lead-lab/application/source/vendor/laravel/framework/src/Illuminate/Http/Middleware/HandleCors.php(61): Illuminate\\Pipeline\\Pipeline->{closure:{closure:Illuminate\\Pipeline\\Pipeline::carry():194}:195}(Object(Illuminate\\Http\\Request))
#58 /Users/agnojf/Documents/alson-workspace/projects/lead-lab/application/source/vendor/laravel/framework/src/Illuminate/Pipeline/Pipeline.php(219): Illuminate\\Http\\Middleware\\HandleCors->handle(Object(Illuminate\\Http\\Request), Object(Closure))
#59 /Users/agnojf/Documents/alson-workspace/projects/lead-lab/application/source/vendor/laravel/framework/src/Illuminate/Http/Middleware/TrustProxies.php(58): Illuminate\\Pipeline\\Pipeline->{closure:{closure:Illuminate\\Pipeline\\Pipeline::carry():194}:195}(Object(Illuminate\\Http\\Request))
#60 /Users/agnojf/Documents/alson-workspace/projects/lead-lab/application/source/vendor/laravel/framework/src/Illuminate/Pipeline/Pipeline.php(219): Illuminate\\Http\\Middleware\\TrustProxies->handle(Object(Illuminate\\Http\\Request), Object(Closure))
#61 /Users/agnojf/Documents/alson-workspace/projects/lead-lab/application/source/vendor/laravel/framework/src/Illuminate/Foundation/Http/Middleware/InvokeDeferredCallbacks.php(22): Illuminate\\Pipeline\\Pipeline->{closure:{closure:Illuminate\\Pipeline\\Pipeline::carry():194}:195}(Object(Illuminate\\Http\\Request))
#62 /Users/agnojf/Documents/alson-workspace/projects/lead-lab/application/source/vendor/laravel/framework/src/Illuminate/Pipeline/Pipeline.php(219): Illuminate\\Foundation\\Http\\Middleware\\InvokeDeferredCallbacks->handle(Object(Illuminate\\Http\\Request), Object(Closure))
#63 /Users/agnojf/Documents/alson-workspace/projects/lead-lab/application/source/vendor/laravel/framework/src/Illuminate/Http/Middleware/ValidatePathEncoding.php(28): Illuminate\\Pipeline\\Pipeline->{closure:{closure:Illuminate\\Pipeline\\Pipeline::carry():194}:195}(Object(Illuminate\\Http\\Request))
#64 /Users/agnojf/Documents/alson-workspace/projects/lead-lab/application/source/vendor/laravel/framework/src/Illuminate/Pipeline/Pipeline.php(219): Illuminate\\Http\\Middleware\\ValidatePathEncoding->handle(Object(Illuminate\\Http\\Request), Object(Closure))
#65 /Users/agnojf/Documents/alson-workspace/projects/lead-lab/application/source/vendor/laravel/framework/src/Illuminate/Pipeline/Pipeline.php(137): Illuminate\\Pipeline\\Pipeline->{closure:{closure:Illuminate\\Pipeline\\Pipeline::carry():194}:195}(Object(Illuminate\\Http\\Request))
#66 /Users/agnojf/Documents/alson-workspace/projects/lead-lab/application/source/vendor/laravel/framework/src/Illuminate/Foundation/Http/Kernel.php(175): Illuminate\\Pipeline\\Pipeline->then(Object(Closure))
#67 /Users/agnojf/Documents/alson-workspace/projects/lead-lab/application/source/vendor/laravel/framework/src/Illuminate/Foundation/Http/Kernel.php(144): Illuminate\\Foundation\\Http\\Kernel->sendRequestThroughRouter(Object(Illuminate\\Http\\Request))
#68 /Users/agnojf/Documents/alson-workspace/projects/lead-lab/application/source/vendor/laravel/framework/src/Illuminate/Foundation/Testing/Concerns/MakesHttpRequests.php(638): Illuminate\\Foundation\\Http\\Kernel->handle(Object(Illuminate\\Http\\Request))
#69 /Users/agnojf/Documents/alson-workspace/projects/lead-lab/application/source/vendor/laravel/framework/src/Illuminate/Foundation/Testing/Concerns/MakesHttpRequests.php(368): Illuminate\\Foundation\\Testing\\TestCase->call('GET', 'http://localhos...', Array, Array, Array, Array)
#70 /Users/agnojf/Documents/alson-workspace/projects/lead-lab/application/source/tests/Feature/LeadLabAccessTest.php(82): Illuminate\\Foundation\\Testing\\TestCase->get('http://localhos...')
#71 /Users/agnojf/Documents/alson-workspace/projects/lead-lab/application/source/vendor/phpunit/phpunit/src/Framework/TestCase.php(1318): Tests\\Feature\\LeadLabAccessTest->test_unpublished_sessions_are_hidden_from_participants_but_visible_to_admins()
#72 /Users/agnojf/Documents/alson-workspace/projects/lead-lab/application/source/vendor/phpunit/phpunit/src/Framework/TestCase.php(1355): PHPUnit\\Framework\\TestCase->invokeTestMethod('test_unpublishe...', Array)
#73 /Users/agnojf/Documents/alson-workspace/projects/lead-lab/application/source/vendor/phpunit/phpunit/src/Framework/TestCase.php(521): PHPUnit\\Framework\\TestCase->runTest()
#74 /Users/agnojf/Documents/alson-workspace/projects/lead-lab/application/source/vendor/phpunit/phpunit/src/Framework/TestRunner/TestRunner.php(99): PHPUnit\\Framework\\TestCase->runBare()
#75 /Users/agnojf/Documents/alson-workspace/projects/lead-lab/application/source/vendor/phpunit/phpunit/src/Framework/TestCase.php(361): PHPUnit\\Framework\\TestRunner->run(Object(Tests\\Feature\\LeadLabAccessTest))
#76 /Users/agnojf/Documents/alson-workspace/projects/lead-lab/application/source/vendor/phpunit/phpunit/src/Framework/TestSuite.php(374): PHPUnit\\Framework\\TestCase->run()
#77 /Users/agnojf/Documents/alson-workspace/projects/lead-lab/application/source/vendor/phpunit/phpunit/src/Framework/TestSuite.php(374): PHPUnit\\Framework\\TestSuite->run()
#78 /Users/agnojf/Documents/alson-workspace/projects/lead-lab/application/source/vendor/phpunit/phpunit/src/TextUI/TestRunner.php(64): PHPUnit\\Framework\\TestSuite->run()
#79 /Users/agnojf/Documents/alson-workspace/projects/lead-lab/application/source/vendor/phpunit/phpunit/src/TextUI/Application.php(229): PHPUnit\\TextUI\\TestRunner->run(Object(PHPUnit\\TextUI\\Configuration\\Configuration), Object(PHPUnit\\Runner\\ResultCache\\DefaultResultCache), Object(PHPUnit\\Framework\\TestSuite))
#80 /Users/agnojf/Documents/alson-workspace/projects/lead-lab/application/source/vendor/phpunit/phpunit/phpunit(104): PHPUnit\\TextUI\\Application->run(Array)
#81 {main}

[previous exception] [object] (Illuminate\\Foundation\\ViteException(code: 0): Unable to locate file in Vite manifest: resources/js/pages/sessions/show.tsx. at /Users/agnojf/Documents/alson-workspace/projects/lead-lab/application/source/vendor/laravel/framework/src/Illuminate/Foundation/Vite.php:1042)
[stacktrace]
#0 /Users/agnojf/Documents/alson-workspace/projects/lead-lab/application/source/vendor/laravel/framework/src/Illuminate/Foundation/Vite.php(404): Illuminate\\Foundation\\Vite->chunk(Array, 'resources/js/pa...')
#1 /Users/agnojf/Documents/alson-workspace/projects/lead-lab/application/source/storage/framework/views/3e6a99cf09c2dbdc4bc406c8282626e4.php(40): Illuminate\\Foundation\\Vite->__invoke(Object(Illuminate\\Support\\Collection))
#2 /Users/agnojf/Documents/alson-workspace/projects/lead-lab/application/source/vendor/laravel/framework/src/Illuminate/Filesystem/Filesystem.php(123): require('/Users/agnojf/D...')
#3 /Users/agnojf/Documents/alson-workspace/projects/lead-lab/application/source/vendor/laravel/framework/src/Illuminate/Filesystem/Filesystem.php(124): Illuminate\\Filesystem\\Filesystem::{closure:Illuminate\\Filesystem\\Filesystem::getRequire():120}()
#4 /Users/agnojf/Documents/alson-workspace/projects/lead-lab/application/source/vendor/laravel/framework/src/Illuminate/View/Engines/PhpEngine.php(57): Illuminate\\Filesystem\\Filesystem->getRequire('/Users/agnojf/D...', Array)
#5 /Users/agnojf/Documents/alson-workspace/projects/lead-lab/application/source/vendor/laravel/framework/src/Illuminate/View/Engines/CompilerEngine.php(76): Illuminate\\View\\Engines\\PhpEngine->evaluatePath('/Users/agnojf/D...', Array)
#6 /Users/agnojf/Documents/alson-workspace/projects/lead-lab/application/source/vendor/laravel/framework/src/Illuminate/View/View.php(208): Illuminate\\View\\Engines\\CompilerEngine->get('/Users/agnojf/D...', Array)
#7 /Users/agnojf/Documents/alson-workspace/projects/lead-lab/application/source/vendor/laravel/framework/src/Illuminate/View/View.php(191): Illuminate\\View\\View->getContents()
#8 /Users/agnojf/Documents/alson-workspace/projects/lead-lab/application/source/vendor/laravel/framework/src/Illuminate/View/View.php(160): Illuminate\\View\\View->renderContents()
#9 /Users/agnojf/Documents/alson-workspace/projects/lead-lab/application/source/vendor/laravel/framework/src/Illuminate/Http/Response.php(82): Illuminate\\View\\View->render()
#10 /Users/agnojf/Documents/alson-workspace/projects/lead-lab/application/source/vendor/laravel/framework/src/Illuminate/Http/Response.php(40): Illuminate\\Http\\Response->setContent(Object(Illuminate\\View\\View))
#11 /Users/agnojf/Documents/alson-workspace/projects/lead-lab/application/source/vendor/laravel/framework/src/Illuminate/Routing/ResponseFactory.php(61): Illuminate\\Http\\Response->__construct(Object(Illuminate\\View\\View), 200, Array)
#12 /Users/agnojf/Documents/alson-workspace/projects/lead-lab/application/source/vendor/laravel/framework/src/Illuminate/Routing/ResponseFactory.php(91): Illuminate\\Routing\\ResponseFactory->make(Object(Illuminate\\View\\View), 200, Array)
#13 /Users/agnojf/Documents/alson-workspace/projects/lead-lab/application/source/vendor/laravel/framework/src/Illuminate/Support/Facades/Facade.php(364): Illuminate\\Routing\\ResponseFactory->view('app', Array)
#14 /Users/agnojf/Documents/alson-workspace/projects/lead-lab/application/source/vendor/inertiajs/inertia-laravel/src/Response.php(214): Illuminate\\Support\\Facades\\Facade::__callStatic('view', Array)
#15 /Users/agnojf/Documents/alson-workspace/projects/lead-lab/application/source/vendor/laravel/framework/src/Illuminate/Routing/Router.php(921): Inertia\\Response->toResponse(Object(Illuminate\\Http\\Request))
#16 /Users/agnojf/Documents/alson-workspace/projects/lead-lab/application/source/vendor/laravel/framework/src/Illuminate/Routing/Router.php(906): Illuminate\\Routing\\Router::toResponse(Object(Illuminate\\Http\\Request), Object(Inertia\\Response))
#17 /Users/agnojf/Documents/alson-workspace/projects/lead-lab/application/source/vendor/laravel/framework/src/Illuminate/Routing/Router.php(821): Illuminate\\Routing\\Router->prepareResponse(Object(Illuminate\\Http\\Request), Object(Inertia\\Response))
#18 /Users/agnojf/Documents/alson-workspace/projects/lead-lab/application/source/vendor/laravel/framework/src/Illuminate/Pipeline/Pipeline.php(180): Illuminate\\Routing\\Router->{closure:Illuminate\\Routing\\Router::runRouteWithinStack():821}(Object(Illuminate\\Http\\Request))
#19 /Users/agnojf/Documents/alson-workspace/projects/lead-lab/application/source/app/Http/Middleware/EnsureActiveUser.php(24): Illuminate\\Pipeline\\Pipeline->{closure:Illuminate\\Pipeline\\Pipeline::prepareDestination():178}(Object(Illuminate\\Http\\Request))
#20 /Users/agnojf/Documents/alson-workspace/projects/lead-lab/application/source/vendor/laravel/framework/src/Illuminate/Pipeline/Pipeline.php(219): App\\Http\\Middleware\\EnsureActiveUser->handle(Object(Illuminate\\Http\\Request), Object(Closure))
#21 /Users/agnojf/Documents/alson-workspace/projects/lead-lab/application/source/vendor/laravel/framework/src/Illuminate/Http/Middleware/AddLinkHeadersForPreloadedAssets.php(32): Illuminate\\Pipeline\\Pipeline->{closure:{closure:Illuminate\\Pipeline\\Pipeline::carry():194}:195}(Object(Illuminate\\Http\\Request))
#22 /Users/agnojf/Documents/alson-workspace/projects/lead-lab/application/source/vendor/laravel/framework/src/Illuminate/Pipeline/Pipeline.php(219): Illuminate\\Http\\Middleware\\AddLinkHeadersForPreloadedAssets->handle(Object(Illuminate\\Http\\Request), Object(Closure))
#23 /Users/agnojf/Documents/alson-workspace/projects/lead-lab/application/source/vendor/inertiajs/inertia-laravel/src/Middleware.php(147): Illuminate\\Pipeline\\Pipeline->{closure:{closure:Illuminate\\Pipeline\\Pipeline::carry():194}:195}(Object(Illuminate\\Http\\Request))
#24 /Users/agnojf/Documents/alson-workspace/projects/lead-lab/application/source/vendor/laravel/framework/src/Illuminate/Pipeline/Pipeline.php(219): Inertia\\Middleware->handle(Object(Illuminate\\Http\\Request), Object(Closure))
#25 /Users/agnojf/Documents/alson-workspace/projects/lead-lab/application/source/app/Http/Middleware/HandleAppearance.php(21): Illuminate\\Pipeline\\Pipeline->{closure:{closure:Illuminate\\Pipeline\\Pipeline::carry():194}:195}(Object(Illuminate\\Http\\Request))
#26 /Users/agnojf/Documents/alson-workspace/projects/lead-lab/application/source/vendor/laravel/framework/src/Illuminate/Pipeline/Pipeline.php(219): App\\Http\\Middleware\\HandleAppearance->handle(Object(Illuminate\\Http\\Request), Object(Closure))
#27 /Users/agnojf/Documents/alson-workspace/projects/lead-lab/application/source/vendor/laravel/framework/src/Illuminate/Routing/Middleware/SubstituteBindings.php(52): Illuminate\\Pipeline\\Pipeline->{closure:{closure:Illuminate\\Pipeline\\Pipeline::carry():194}:195}(Object(Illuminate\\Http\\Request))
#28 /Users/agnojf/Documents/alson-workspace/projects/lead-lab/application/source/vendor/laravel/framework/src/Illuminate/Pipeline/Pipeline.php(219): Illuminate\\Routing\\Middleware\\SubstituteBindings->handle(Object(Illuminate\\Http\\Request), Object(Closure))
#29 /Users/agnojf/Documents/alson-workspace/projects/lead-lab/application/source/vendor/laravel/framework/src/Illuminate/Auth/Middleware/Authenticate.php(63): Illuminate\\Pipeline\\Pipeline->{closure:{closure:Illuminate\\Pipeline\\Pipeline::carry():194}:195}(Object(Illuminate\\Http\\Request))
#30 /Users/agnojf/Documents/alson-workspace/projects/lead-lab/application/source/vendor/laravel/framework/src/Illuminate/Pipeline/Pipeline.php(219): Illuminate\\Auth\\Middleware\\Authenticate->handle(Object(Illuminate\\Http\\Request), Object(Closure))
#31 /Users/agnojf/Documents/alson-workspace/projects/lead-lab/application/source/vendor/laravel/framework/src/Illuminate/Foundation/Http/Middleware/PreventRequestForgery.php(104): Illuminate\\Pipeline\\Pipeline->{closure:{closure:Illuminate\\Pipeline\\Pipeline::carry():194}:195}(Object(Illuminate\\Http\\Request))
#32 /Users/agnojf/Documents/alson-workspace/projects/lead-lab/application/source/vendor/laravel/framework/src/Illuminate/Pipeline/Pipeline.php(219): Illuminate\\Foundation\\Http\\Middleware\\PreventRequestForgery->handle(Object(Illuminate\\Http\\Request), Object(Closure))
#33 /Users/agnojf/Documents/alson-workspace/projects/lead-lab/application/source/vendor/laravel/framework/src/Illuminate/View/Middleware/ShareErrorsFromSession.php(48): Illuminate\\Pipeline\\Pipeline->{closure:{closure:Illuminate\\Pipeline\\Pipeline::carry():194}:195}(Object(Illuminate\\Http\\Request))
#34 /Users/agnojf/Documents/alson-workspace/projects/lead-lab/application/source/vendor/laravel/framework/src/Illuminate/Pipeline/Pipeline.php(219): Illuminate\\View\\Middleware\\ShareErrorsFromSession->handle(Object(Illuminate\\Http\\Request), Object(Closure))
#35 /Users/agnojf/Documents/alson-workspace/projects/lead-lab/application/source/vendor/laravel/framework/src/Illuminate/Session/Middleware/StartSession.php(120): Illuminate\\Pipeline\\Pipeline->{closure:{closure:Illuminate\\Pipeline\\Pipeline::carry():194}:195}(Object(Illuminate\\Http\\Request))
#36 /Users/agnojf/Documents/alson-workspace/projects/lead-lab/application/source/vendor/laravel/framework/src/Illuminate/Session/Middleware/StartSession.php(63): Illuminate\\Session\\Middleware\\StartSession->handleStatefulRequest(Object(Illuminate\\Http\\Request), Object(Illuminate\\Session\\Store), Object(Closure))
#37 /Users/agnojf/Documents/alson-workspace/projects/lead-lab/application/source/vendor/laravel/framework/src/Illuminate/Pipeline/Pipeline.php(219): Illuminate\\Session\\Middleware\\StartSession->handle(Object(Illuminate\\Http\\Request), Object(Closure))
#38 /Users/agnojf/Documents/alson-workspace/projects/lead-lab/application/source/vendor/laravel/framework/src/Illuminate/Cookie/Middleware/AddQueuedCookiesToResponse.php(36): Illuminate\\Pipeline\\Pipeline->{closure:{closure:Illuminate\\Pipeline\\Pipeline::carry():194}:195}(Object(Illuminate\\Http\\Request))
#39 /Users/agnojf/Documents/alson-workspace/projects/lead-lab/application/source/vendor/laravel/framework/src/Illuminate/Pipeline/Pipeline.php(219): Illuminate\\Cookie\\Middleware\\AddQueuedCookiesToResponse->handle(Object(Illuminate\\Http\\Request), Object(Closure))
#40 /Users/agnojf/Documents/alson-workspace/projects/lead-lab/application/source/vendor/laravel/framework/src/Illuminate/Cookie/Middleware/EncryptCookies.php(74): Illuminate\\Pipeline\\Pipeline->{closure:{closure:Illuminate\\Pipeline\\Pipeline::carry():194}:195}(Object(Illuminate\\Http\\Request))
#41 /Users/agnojf/Documents/alson-workspace/projects/lead-lab/application/source/vendor/laravel/framework/src/Illuminate/Pipeline/Pipeline.php(219): Illuminate\\Cookie\\Middleware\\EncryptCookies->handle(Object(Illuminate\\Http\\Request), Object(Closure))
#42 /Users/agnojf/Documents/alson-workspace/projects/lead-lab/application/source/vendor/laravel/framework/src/Illuminate/Pipeline/Pipeline.php(137): Illuminate\\Pipeline\\Pipeline->{closure:{closure:Illuminate\\Pipeline\\Pipeline::carry():194}:195}(Object(Illuminate\\Http\\Request))
#43 /Users/agnojf/Documents/alson-workspace/projects/lead-lab/application/source/vendor/laravel/framework/src/Illuminate/Routing/Router.php(821): Illuminate\\Pipeline\\Pipeline->then(Object(Closure))
#44 /Users/agnojf/Documents/alson-workspace/projects/lead-lab/application/source/vendor/laravel/framework/src/Illuminate/Routing/Router.php(800): Illuminate\\Routing\\Router->runRouteWithinStack(Object(Illuminate\\Routing\\Route), Object(Illuminate\\Http\\Request))
#45 /Users/agnojf/Documents/alson-workspace/projects/lead-lab/application/source/vendor/laravel/framework/src/Illuminate/Routing/Router.php(764): Illuminate\\Routing\\Router->runRoute(Object(Illuminate\\Http\\Request), Object(Illuminate\\Routing\\Route))
#46 /Users/agnojf/Documents/alson-workspace/projects/lead-lab/application/source/vendor/laravel/framework/src/Illuminate/Routing/Router.php(753): Illuminate\\Routing\\Router->dispatchToRoute(Object(Illuminate\\Http\\Request))
#47 /Users/agnojf/Documents/alson-workspace/projects/lead-lab/application/source/vendor/laravel/framework/src/Illuminate/Foundation/Http/Kernel.php(200): Illuminate\\Routing\\Router->dispatch(Object(Illuminate\\Http\\Request))
#48 /Users/agnojf/Documents/alson-workspace/projects/lead-lab/application/source/vendor/laravel/framework/src/Illuminate/Pipeline/Pipeline.php(180): Illuminate\\Foundation\\Http\\Kernel->{closure:Illuminate\\Foundation\\Http\\Kernel::dispatchToRouter():197}(Object(Illuminate\\Http\\Request))
#49 /Users/agnojf/Documents/alson-workspace/projects/lead-lab/application/source/vendor/inertiajs/inertia-laravel/src/Middleware/EnsureGetOnRedirect.php(19): Illuminate\\Pipeline\\Pipeline->{closure:Illuminate\\Pipeline\\Pipeline::prepareDestination():178}(Object(Illuminate\\Http\\Request))
#50 /Users/agnojf/Documents/alson-workspace/projects/lead-lab/application/source/vendor/laravel/framework/src/Illuminate/Pipeline/Pipeline.php(219): Inertia\\Middleware\\EnsureGetOnRedirect->handle(Object(Illuminate\\Http\\Request), Object(Closure))
#51 /Users/agnojf/Documents/alson-workspace/projects/lead-lab/application/source/vendor/laravel/framework/src/Illuminate/Foundation/Http/Middleware/TransformsRequest.php(21): Illuminate\\Pipeline\\Pipeline->{closure:{closure:Illuminate\\Pipeline\\Pipeline::carry():194}:195}(Object(Illuminate\\Http\\Request))
#52 /Users/agnojf/Documents/alson-workspace/projects/lead-lab/application/source/vendor/laravel/framework/src/Illuminate/Foundation/Http/Middleware/ConvertEmptyStringsToNull.php(31): Illuminate\\Foundation\\Http\\Middleware\\TransformsRequest->handle(Object(Illuminate\\Http\\Request), Object(Closure))
#53 /Users/agnojf/Documents/alson-workspace/projects/lead-lab/application/source/vendor/laravel/framework/src/Illuminate/Pipeline/Pipeline.php(219): Illuminate\\Foundation\\Http\\Middleware\\ConvertEmptyStringsToNull->handle(Object(Illuminate\\Http\\Request), Object(Closure))
#54 /Users/agnojf/Documents/alson-workspace/projects/lead-lab/application/source/vendor/laravel/framework/src/Illuminate/Foundation/Http/Middleware/TransformsRequest.php(21): Illuminate\\Pipeline\\Pipeline->{closure:{closure:Illuminate\\Pipeline\\Pipeline::carry():194}:195}(Object(Illuminate\\Http\\Request))
#55 /Users/agnojf/Documents/alson-workspace/projects/lead-lab/application/source/vendor/laravel/framework/src/Illuminate/Foundation/Http/Middleware/TrimStrings.php(51): Illuminate\\Foundation\\Http\\Middleware\\TransformsRequest->handle(Object(Illuminate\\Http\\Request), Object(Closure))
#56 /Users/agnojf/Documents/alson-workspace/projects/lead-lab/application/source/vendor/laravel/framework/src/Illuminate/Pipeline/Pipeline.php(219): Illuminate\\Foundation\\Http\\Middleware\\TrimStrings->handle(Object(Illuminate\\Http\\Request), Object(Closure))
#57 /Users/agnojf/Documents/alson-workspace/projects/lead-lab/application/source/vendor/laravel/framework/src/Illuminate/Http/Middleware/ValidatePostSize.php(27): Illuminate\\Pipeline\\Pipeline->{closure:{closure:Illuminate\\Pipeline\\Pipeline::carry():194}:195}(Object(Illuminate\\Http\\Request))
#58 /Users/agnojf/Documents/alson-workspace/projects/lead-lab/application/source/vendor/laravel/framework/src/Illuminate/Pipeline/Pipeline.php(219): Illuminate\\Http\\Middleware\\ValidatePostSize->handle(Object(Illuminate\\Http\\Request), Object(Closure))
#59 /Users/agnojf/Documents/alson-workspace/projects/lead-lab/application/source/vendor/laravel/framework/src/Illuminate/Foundation/Http/Middleware/PreventRequestsDuringMaintenance.php(110): Illuminate\\Pipeline\\Pipeline->{closure:{closure:Illuminate\\Pipeline\\Pipeline::carry():194}:195}(Object(Illuminate\\Http\\Request))
#60 /Users/agnojf/Documents/alson-workspace/projects/lead-lab/application/source/vendor/laravel/framework/src/Illuminate/Pipeline/Pipeline.php(219): Illuminate\\Foundation\\Http\\Middleware\\PreventRequestsDuringMaintenance->handle(Object(Illuminate\\Http\\Request), Object(Closure))
#61 /Users/agnojf/Documents/alson-workspace/projects/lead-lab/application/source/vendor/laravel/framework/src/Illuminate/Http/Middleware/HandleCors.php(61): Illuminate\\Pipeline\\Pipeline->{closure:{closure:Illuminate\\Pipeline\\Pipeline::carry():194}:195}(Object(Illuminate\\Http\\Request))
#62 /Users/agnojf/Documents/alson-workspace/projects/lead-lab/application/source/vendor/laravel/framework/src/Illuminate/Pipeline/Pipeline.php(219): Illuminate\\Http\\Middleware\\HandleCors->handle(Object(Illuminate\\Http\\Request), Object(Closure))
#63 /Users/agnojf/Documents/alson-workspace/projects/lead-lab/application/source/vendor/laravel/framework/src/Illuminate/Http/Middleware/TrustProxies.php(58): Illuminate\\Pipeline\\Pipeline->{closure:{closure:Illuminate\\Pipeline\\Pipeline::carry():194}:195}(Object(Illuminate\\Http\\Request))
#64 /Users/agnojf/Documents/alson-workspace/projects/lead-lab/application/source/vendor/laravel/framework/src/Illuminate/Pipeline/Pipeline.php(219): Illuminate\\Http\\Middleware\\TrustProxies->handle(Object(Illuminate\\Http\\Request), Object(Closure))
#65 /Users/agnojf/Documents/alson-workspace/projects/lead-lab/application/source/vendor/laravel/framework/src/Illuminate/Foundation/Http/Middleware/InvokeDeferredCallbacks.php(22): Illuminate\\Pipeline\\Pipeline->{closure:{closure:Illuminate\\Pipeline\\Pipeline::carry():194}:195}(Object(Illuminate\\Http\\Request))
#66 /Users/agnojf/Documents/alson-workspace/projects/lead-lab/application/source/vendor/laravel/framework/src/Illuminate/Pipeline/Pipeline.php(219): Illuminate\\Foundation\\Http\\Middleware\\InvokeDeferredCallbacks->handle(Object(Illuminate\\Http\\Request), Object(Closure))
#67 /Users/agnojf/Documents/alson-workspace/projects/lead-lab/application/source/vendor/laravel/framework/src/Illuminate/Http/Middleware/ValidatePathEncoding.php(28): Illuminate\\Pipeline\\Pipeline->{closure:{closure:Illuminate\\Pipeline\\Pipeline::carry():194}:195}(Object(Illuminate\\Http\\Request))
#68 /Users/agnojf/Documents/alson-workspace/projects/lead-lab/application/source/vendor/laravel/framework/src/Illuminate/Pipeline/Pipeline.php(219): Illuminate\\Http\\Middleware\\ValidatePathEncoding->handle(Object(Illuminate\\Http\\Request), Object(Closure))
#69 /Users/agnojf/Documents/alson-workspace/projects/lead-lab/application/source/vendor/laravel/framework/src/Illuminate/Pipeline/Pipeline.php(137): Illuminate\\Pipeline\\Pipeline->{closure:{closure:Illuminate\\Pipeline\\Pipeline::carry():194}:195}(Object(Illuminate\\Http\\Request))
#70 /Users/agnojf/Documents/alson-workspace/projects/lead-lab/application/source/vendor/laravel/framework/src/Illuminate/Foundation/Http/Kernel.php(175): Illuminate\\Pipeline\\Pipeline->then(Object(Closure))
#71 /Users/agnojf/Documents/alson-workspace/projects/lead-lab/application/source/vendor/laravel/framework/src/Illuminate/Foundation/Http/Kernel.php(144): Illuminate\\Foundation\\Http\\Kernel->sendRequestThroughRouter(Object(Illuminate\\Http\\Request))
#72 /Users/agnojf/Documents/alson-workspace/projects/lead-lab/application/source/vendor/laravel/framework/src/Illuminate/Foundation/Testing/Concerns/MakesHttpRequests.php(638): Illuminate\\Foundation\\Http\\Kernel->handle(Object(Illuminate\\Http\\Request))
#73 /Users/agnojf/Documents/alson-workspace/projects/lead-lab/application/source/vendor/laravel/framework/src/Illuminate/Foundation/Testing/Concerns/MakesHttpRequests.php(368): Illuminate\\Foundation\\Testing\\TestCase->call('GET', 'http://localhos...', Array, Array, Array, Array)
#74 /Users/agnojf/Documents/alson-workspace/projects/lead-lab/application/source/tests/Feature/LeadLabAccessTest.php(82): Illuminate\\Foundation\\Testing\\TestCase->get('http://localhos...')
#75 /Users/agnojf/Documents/alson-workspace/projects/lead-lab/application/source/vendor/phpunit/phpunit/src/Framework/TestCase.php(1318): Tests\\Feature\\LeadLabAccessTest->test_unpublished_sessions_are_hidden_from_participants_but_visible_to_admins()
#76 /Users/agnojf/Documents/alson-workspace/projects/lead-lab/application/source/vendor/phpunit/phpunit/src/Framework/TestCase.php(1355): PHPUnit\\Framework\\TestCase->invokeTestMethod('test_unpublishe...', Array)
#77 /Users/agnojf/Documents/alson-workspace/projects/lead-lab/application/source/vendor/phpunit/phpunit/src/Framework/TestCase.php(521): PHPUnit\\Framework\\TestCase->runTest()
#78 /Users/agnojf/Documents/alson-workspace/projects/lead-lab/application/source/vendor/phpunit/phpunit/src/Framework/TestRunner/TestRunner.php(99): PHPUnit\\Framework\\TestCase->runBare()
#79 /Users/agnojf/Documents/alson-workspace/projects/lead-lab/application/source/vendor/phpunit/phpunit/src/Framework/TestCase.php(361): PHPUnit\\Framework\\TestRunner->run(Object(Tests\\Feature\\LeadLabAccessTest))
#80 /Users/agnojf/Documents/alson-workspace/projects/lead-lab/application/source/vendor/phpunit/phpunit/src/Framework/TestSuite.php(374): PHPUnit\\Framework\\TestCase->run()
#81 /Users/agnojf/Documents/alson-workspace/projects/lead-lab/application/source/vendor/phpunit/phpunit/src/Framework/TestSuite.php(374): PHPUnit\\Framework\\TestSuite->run()
#82 /Users/agnojf/Documents/alson-workspace/projects/lead-lab/application/source/vendor/phpunit/phpunit/src/TextUI/TestRunner.php(64): PHPUnit\\Framework\\TestSuite->run()
#83 /Users/agnojf/Documents/alson-workspace/projects/lead-lab/application/source/vendor/phpunit/phpunit/src/TextUI/Application.php(229): PHPUnit\\TextUI\\TestRunner->run(Object(PHPUnit\\TextUI\\Configuration\\Configuration), Object(PHPUnit\\Runner\\ResultCache\\DefaultResultCache), Object(PHPUnit\\Framework\\TestSuite))
#84 /Users/agnojf/Documents/alson-workspace/projects/lead-lab/application/source/vendor/phpunit/phpunit/phpunit(104): PHPUnit\\TextUI\\Application->run(Array)
#85 {main}
"} 
[2026-08-20 02:07:23] testing.ERROR: Unable to locate file in Vite manifest: resources/js/pages/classroom/index.tsx. (View: /Users/agnojf/Documents/alson-workspace/projects/lead-lab/application/source/resources/views/app.blade.php) {"userId":1,"exception":"[object] (Illuminate\\View\\ViewException(code: 0): Unable to locate file in Vite manifest: resources/js/pages/classroom/index.tsx. (View: /Users/agnojf/Documents/alson-workspace/projects/lead-lab/application/source/resources/views/app.blade.php) at /Users/agnojf/Documents/alson-workspace/projects/lead-lab/application/source/vendor/laravel/framework/src/Illuminate/Foundation/Vite.php:1042)
[stacktrace]
#0 /Users/agnojf/Documents/alson-workspace/projects/lead-lab/application/source/vendor/laravel/framework/src/Illuminate/View/Engines/PhpEngine.php(59): Illuminate\\View\\Engines\\CompilerEngine->handleViewException(Object(Illuminate\\Foundation\\ViteException), 1)
#1 /Users/agnojf/Documents/alson-workspace/projects/lead-lab/application/source/vendor/laravel/framework/src/Illuminate/View/Engines/CompilerEngine.php(76): Illuminate\\View\\Engines\\PhpEngine->evaluatePath('/Users/agnojf/D...', Array)
#2 /Users/agnojf/Documents/alson-workspace/projects/lead-lab/application/source/vendor/laravel/framework/src/Illuminate/View/View.php(208): Illuminate\\View\\Engines\\CompilerEngine->get('/Users/agnojf/D...', Array)
#3 /Users/agnojf/Documents/alson-workspace/projects/lead-lab/application/source/vendor/laravel/framework/src/Illuminate/View/View.php(191): Illuminate\\View\\View->getContents()
#4 /Users/agnojf/Documents/alson-workspace/projects/lead-lab/application/source/vendor/laravel/framework/src/Illuminate/View/View.php(160): Illuminate\\View\\View->renderContents()
#5 /Users/agnojf/Documents/alson-workspace/projects/lead-lab/application/source/vendor/laravel/framework/src/Illuminate/Http/Response.php(82): Illuminate\\View\\View->render()
#6 /Users/agnojf/Documents/alson-workspace/projects/lead-lab/application/source/vendor/laravel/framework/src/Illuminate/Http/Response.php(40): Illuminate\\Http\\Response->setContent(Object(Illuminate\\View\\View))
#7 /Users/agnojf/Documents/alson-workspace/projects/lead-lab/application/source/vendor/laravel/framework/src/Illuminate/Routing/ResponseFactory.php(61): Illuminate\\Http\\Response->__construct(Object(Illuminate\\View\\View), 200, Array)
#8 /Users/agnojf/Documents/alson-workspace/projects/lead-lab/application/source/vendor/laravel/framework/src/Illuminate/Routing/ResponseFactory.php(91): Illuminate\\Routing\\ResponseFactory->make(Object(Illuminate\\View\\View), 200, Array)
#9 /Users/agnojf/Documents/alson-workspace/projects/lead-lab/application/source/vendor/laravel/framework/src/Illuminate/Support/Facades/Facade.php(364): Illuminate\\Routing\\ResponseFactory->view('app', Array)
#10 /Users/agnojf/Documents/alson-workspace/projects/lead-lab/application/source/vendor/inertiajs/inertia-laravel/src/Response.php(214): Illuminate\\Support\\Facades\\Facade::__callStatic('view', Array)
#11 /Users/agnojf/Documents/alson-workspace/projects/lead-lab/application/source/vendor/laravel/framework/src/Illuminate/Routing/Router.php(921): Inertia\\Response->toResponse(Object(Illuminate\\Http\\Request))
#12 /Users/agnojf/Documents/alson-workspace/projects/lead-lab/application/source/vendor/laravel/framework/src/Illuminate/Routing/Router.php(906): Illuminate\\Routing\\Router::toResponse(Object(Illuminate\\Http\\Request), Object(Inertia\\Response))
#13 /Users/agnojf/Documents/alson-workspace/projects/lead-lab/application/source/vendor/laravel/framework/src/Illuminate/Routing/Router.php(821): Illuminate\\Routing\\Router->prepareResponse(Object(Illuminate\\Http\\Request), Object(Inertia\\Response))
#14 /Users/agnojf/Documents/alson-workspace/projects/lead-lab/application/source/vendor/laravel/framework/src/Illuminate/Pipeline/Pipeline.php(180): Illuminate\\Routing\\Router->{closure:Illuminate\\Routing\\Router::runRouteWithinStack():821}(Object(Illuminate\\Http\\Request))
#15 /Users/agnojf/Documents/alson-workspace/projects/lead-lab/application/source/app/Http/Middleware/EnsureActiveUser.php(24): Illuminate\\Pipeline\\Pipeline->{closure:Illuminate\\Pipeline\\Pipeline::prepareDestination():178}(Object(Illuminate\\Http\\Request))
#16 /Users/agnojf/Documents/alson-workspace/projects/lead-lab/application/source/vendor/laravel/framework/src/Illuminate/Pipeline/Pipeline.php(219): App\\Http\\Middleware\\EnsureActiveUser->handle(Object(Illuminate\\Http\\Request), Object(Closure))
#17 /Users/agnojf/Documents/alson-workspace/projects/lead-lab/application/source/vendor/laravel/framework/src/Illuminate/Http/Middleware/AddLinkHeadersForPreloadedAssets.php(32): Illuminate\\Pipeline\\Pipeline->{closure:{closure:Illuminate\\Pipeline\\Pipeline::carry():194}:195}(Object(Illuminate\\Http\\Request))
#18 /Users/agnojf/Documents/alson-workspace/projects/lead-lab/application/source/vendor/laravel/framework/src/Illuminate/Pipeline/Pipeline.php(219): Illuminate\\Http\\Middleware\\AddLinkHeadersForPreloadedAssets->handle(Object(Illuminate\\Http\\Request), Object(Closure))
#19 /Users/agnojf/Documents/alson-workspace/projects/lead-lab/application/source/vendor/inertiajs/inertia-laravel/src/Middleware.php(147): Illuminate\\Pipeline\\Pipeline->{closure:{closure:Illuminate\\Pipeline\\Pipeline::carry():194}:195}(Object(Illuminate\\Http\\Request))
#20 /Users/agnojf/Documents/alson-workspace/projects/lead-lab/application/source/vendor/laravel/framework/src/Illuminate/Pipeline/Pipeline.php(219): Inertia\\Middleware->handle(Object(Illuminate\\Http\\Request), Object(Closure))
#21 /Users/agnojf/Documents/alson-workspace/projects/lead-lab/application/source/app/Http/Middleware/HandleAppearance.php(21): Illuminate\\Pipeline\\Pipeline->{closure:{closure:Illuminate\\Pipeline\\Pipeline::carry():194}:195}(Object(Illuminate\\Http\\Request))
#22 /Users/agnojf/Documents/alson-workspace/projects/lead-lab/application/source/vendor/laravel/framework/src/Illuminate/Pipeline/Pipeline.php(219): App\\Http\\Middleware\\HandleAppearance->handle(Object(Illuminate\\Http\\Request), Object(Closure))
#23 /Users/agnojf/Documents/alson-workspace/projects/lead-lab/application/source/vendor/laravel/framework/src/Illuminate/Routing/Middleware/SubstituteBindings.php(52): Illuminate\\Pipeline\\Pipeline->{closure:{closure:Illuminate\\Pipeline\\Pipeline::carry():194}:195}(Object(Illuminate\\Http\\Request))
#24 /Users/agnojf/Documents/alson-workspace/projects/lead-lab/application/source/vendor/laravel/framework/src/Illuminate/Pipeline/Pipeline.php(219): Illuminate\\Routing\\Middleware\\SubstituteBindings->handle(Object(Illuminate\\Http\\Request), Object(Closure))
#25 /Users/agnojf/Documents/alson-workspace/projects/lead-lab/application/source/vendor/laravel/framework/src/Illuminate/Auth/Middleware/Authenticate.php(63): Illuminate\\Pipeline\\Pipeline->{closure:{closure:Illuminate\\Pipeline\\Pipeline::carry():194}:195}(Object(Illuminate\\Http\\Request))
#26 /Users/agnojf/Documents/alson-workspace/projects/lead-lab/application/source/vendor/laravel/framework/src/Illuminate/Pipeline/Pipeline.php(219): Illuminate\\Auth\\Middleware\\Authenticate->handle(Object(Illuminate\\Http\\Request), Object(Closure))
#27 /Users/agnojf/Documents/alson-workspace/projects/lead-lab/application/source/vendor/laravel/framework/src/Illuminate/Foundation/Http/Middleware/PreventRequestForgery.php(104): Illuminate\\Pipeline\\Pipeline->{closure:{closure:Illuminate\\Pipeline\\Pipeline::carry():194}:195}(Object(Illuminate\\Http\\Request))
#28 /Users/agnojf/Documents/alson-workspace/projects/lead-lab/application/source/vendor/laravel/framework/src/Illuminate/Pipeline/Pipeline.php(219): Illuminate\\Foundation\\Http\\Middleware\\PreventRequestForgery->handle(Object(Illuminate\\Http\\Request), Object(Closure))
#29 /Users/agnojf/Documents/alson-workspace/projects/lead-lab/application/source/vendor/laravel/framework/src/Illuminate/View/Middleware/ShareErrorsFromSession.php(48): Illuminate\\Pipeline\\Pipeline->{closure:{closure:Illuminate\\Pipeline\\Pipeline::carry():194}:195}(Object(Illuminate\\Http\\Request))
#30 /Users/agnojf/Documents/alson-workspace/projects/lead-lab/application/source/vendor/laravel/framework/src/Illuminate/Pipeline/Pipeline.php(219): Illuminate\\View\\Middleware\\ShareErrorsFromSession->handle(Object(Illuminate\\Http\\Request), Object(Closure))
#31 /Users/agnojf/Documents/alson-workspace/projects/lead-lab/application/source/vendor/laravel/framework/src/Illuminate/Session/Middleware/StartSession.php(120): Illuminate\\Pipeline\\Pipeline->{closure:{closure:Illuminate\\Pipeline\\Pipeline::carry():194}:195}(Object(Illuminate\\Http\\Request))
#32 /Users/agnojf/Documents/alson-workspace/projects/lead-lab/application/source/vendor/laravel/framework/src/Illuminate/Session/Middleware/StartSession.php(63): Illuminate\\Session\\Middleware\\StartSession->handleStatefulRequest(Object(Illuminate\\Http\\Request), Object(Illuminate\\Session\\Store), Object(Closure))
#33 /Users/agnojf/Documents/alson-workspace/projects/lead-lab/application/source/vendor/laravel/framework/src/Illuminate/Pipeline/Pipeline.php(219): Illuminate\\Session\\Middleware\\StartSession->handle(Object(Illuminate\\Http\\Request), Object(Closure))
#34 /Users/agnojf/Documents/alson-workspace/projects/lead-lab/application/source/vendor/laravel/framework/src/Illuminate/Cookie/Middleware/AddQueuedCookiesToResponse.php(36): Illuminate\\Pipeline\\Pipeline->{closure:{closure:Illuminate\\Pipeline\\Pipeline::carry():194}:195}(Object(Illuminate\\Http\\Request))
#35 /Users/agnojf/Documents/alson-workspace/projects/lead-lab/application/source/vendor/laravel/framework/src/Illuminate/Pipeline/Pipeline.php(219): Illuminate\\Cookie\\Middleware\\AddQueuedCookiesToResponse->handle(Object(Illuminate\\Http\\Request), Object(Closure))
#36 /Users/agnojf/Documents/alson-workspace/projects/lead-lab/application/source/vendor/laravel/framework/src/Illuminate/Cookie/Middleware/EncryptCookies.php(74): Illuminate\\Pipeline\\Pipeline->{closure:{closure:Illuminate\\Pipeline\\Pipeline::carry():194}:195}(Object(Illuminate\\Http\\Request))
#37 /Users/agnojf/Documents/alson-workspace/projects/lead-lab/application/source/vendor/laravel/framework/src/Illuminate/Pipeline/Pipeline.php(219): Illuminate\\Cookie\\Middleware\\EncryptCookies->handle(Object(Illuminate\\Http\\Request), Object(Closure))
#38 /Users/agnojf/Documents/alson-workspace/projects/lead-lab/application/source/vendor/laravel/framework/src/Illuminate/Pipeline/Pipeline.php(137): Illuminate\\Pipeline\\Pipeline->{closure:{closure:Illuminate\\Pipeline\\Pipeline::carry():194}:195}(Object(Illuminate\\Http\\Request))
#39 /Users/agnojf/Documents/alson-workspace/projects/lead-lab/application/source/vendor/laravel/framework/src/Illuminate/Routing/Router.php(821): Illuminate\\Pipeline\\Pipeline->then(Object(Closure))
#40 /Users/agnojf/Documents/alson-workspace/projects/lead-lab/application/source/vendor/laravel/framework/src/Illuminate/Routing/Router.php(800): Illuminate\\Routing\\Router->runRouteWithinStack(Object(Illuminate\\Routing\\Route), Object(Illuminate\\Http\\Request))
#41 /Users/agnojf/Documents/alson-workspace/projects/lead-lab/application/source/vendor/laravel/framework/src/Illuminate/Routing/Router.php(764): Illuminate\\Routing\\Router->runRoute(Object(Illuminate\\Http\\Request), Object(Illuminate\\Routing\\Route))
#42 /Users/agnojf/Documents/alson-workspace/projects/lead-lab/application/source/vendor/laravel/framework/src/Illuminate/Routing/Router.php(753): Illuminate\\Routing\\Router->dispatchToRoute(Object(Illuminate\\Http\\Request))
#43 /Users/agnojf/Documents/alson-workspace/projects/lead-lab/application/source/vendor/laravel/framework/src/Illuminate/Foundation/Http/Kernel.php(200): Illuminate\\Routing\\Router->dispatch(Object(Illuminate\\Http\\Request))
#44 /Users/agnojf/Documents/alson-workspace/projects/lead-lab/application/source/vendor/laravel/framework/src/Illuminate/Pipeline/Pipeline.php(180): Illuminate\\Foundation\\Http\\Kernel->{closure:Illuminate\\Foundation\\Http\\Kernel::dispatchToRouter():197}(Object(Illuminate\\Http\\Request))
#45 /Users/agnojf/Documents/alson-workspace/projects/lead-lab/application/source/vendor/inertiajs/inertia-laravel/src/Middleware/EnsureGetOnRedirect.php(19): Illuminate\\Pipeline\\Pipeline->{closure:Illuminate\\Pipeline\\Pipeline::prepareDestination():178}(Object(Illuminate\\Http\\Request))
#46 /Users/agnojf/Documents/alson-workspace/projects/lead-lab/application/source/vendor/laravel/framework/src/Illuminate/Pipeline/Pipeline.php(219): Inertia\\Middleware\\EnsureGetOnRedirect->handle(Object(Illuminate\\Http\\Request), Object(Closure))
#47 /Users/agnojf/Documents/alson-workspace/projects/lead-lab/application/source/vendor/laravel/framework/src/Illuminate/Foundation/Http/Middleware/TransformsRequest.php(21): Illuminate\\Pipeline\\Pipeline->{closure:{closure:Illuminate\\Pipeline\\Pipeline::carry():194}:195}(Object(Illuminate\\Http\\Request))
#48 /Users/agnojf/Documents/alson-workspace/projects/lead-lab/application/source/vendor/laravel/framework/src/Illuminate/Foundation/Http/Middleware/ConvertEmptyStringsToNull.php(31): Illuminate\\Foundation\\Http\\Middleware\\TransformsRequest->handle(Object(Illuminate\\Http\\Request), Object(Closure))
#49 /Users/agnojf/Documents/alson-workspace/projects/lead-lab/application/source/vendor/laravel/framework/src/Illuminate/Pipeline/Pipeline.php(219): Illuminate\\Foundation\\Http\\Middleware\\ConvertEmptyStringsToNull->handle(Object(Illuminate\\Http\\Request), Object(Closure))
#50 /Users/agnojf/Documents/alson-workspace/projects/lead-lab/application/source/vendor/laravel/framework/src/Illuminate/Foundation/Http/Middleware/TransformsRequest.php(21): Illuminate\\Pipeline\\Pipeline->{closure:{closure:Illuminate\\Pipeline\\Pipeline::carry():194}:195}(Object(Illuminate\\Http\\Request))
#51 /Users/agnojf/Documents/alson-workspace/projects/lead-lab/application/source/vendor/laravel/framework/src/Illuminate/Foundation/Http/Middleware/TrimStrings.php(51): Illuminate\\Foundation\\Http\\Middleware\\TransformsRequest->handle(Object(Illuminate\\Http\\Request), Object(Closure))
#52 /Users/agnojf/Documents/alson-workspace/projects/lead-lab/application/source/vendor/laravel/framework/src/Illuminate/Pipeline/Pipeline.php(219): Illuminate\\Foundation\\Http\\Middleware\\TrimStrings->handle(Object(Illuminate\\Http\\Request), Object(Closure))
#53 /Users/agnojf/Documents/alson-workspace/projects/lead-lab/application/source/vendor/laravel/framework/src/Illuminate/Http/Middleware/ValidatePostSize.php(27): Illuminate\\Pipeline\\Pipeline->{closure:{closure:Illuminate\\Pipeline\\Pipeline::carry():194}:195}(Object(Illuminate\\Http\\Request))
#54 /Users/agnojf/Documents/alson-workspace/projects/lead-lab/application/source/vendor/laravel/framework/src/Illuminate/Pipeline/Pipeline.php(219): Illuminate\\Http\\Middleware\\ValidatePostSize->handle(Object(Illuminate\\Http\\Request), Object(Closure))
#55 /Users/agnojf/Documents/alson-workspace/projects/lead-lab/application/source/vendor/laravel/framework/src/Illuminate/Foundation/Http/Middleware/PreventRequestsDuringMaintenance.php(110): Illuminate\\Pipeline\\Pipeline->{closure:{closure:Illuminate\\Pipeline\\Pipeline::carry():194}:195}(Object(Illuminate\\Http\\Request))
#56 /Users/agnojf/Documents/alson-workspace/projects/lead-lab/application/source/vendor/laravel/framework/src/Illuminate/Pipeline/Pipeline.php(219): Illuminate\\Foundation\\Http\\Middleware\\PreventRequestsDuringMaintenance->handle(Object(Illuminate\\Http\\Request), Object(Closure))
#57 /Users/agnojf/Documents/alson-workspace/projects/lead-lab/application/source/vendor/laravel/framework/src/Illuminate/Http/Middleware/HandleCors.php(61): Illuminate\\Pipeline\\Pipeline->{closure:{closure:Illuminate\\Pipeline\\Pipeline::carry():194}:195}(Object(Illuminate\\Http\\Request))
#58 /Users/agnojf/Documents/alson-workspace/projects/lead-lab/application/source/vendor/laravel/framework/src/Illuminate/Pipeline/Pipeline.php(219): Illuminate\\Http\\Middleware\\HandleCors->handle(Object(Illuminate\\Http\\Request), Object(Closure))
#59 /Users/agnojf/Documents/alson-workspace/projects/lead-lab/application/source/vendor/laravel/framework/src/Illuminate/Http/Middleware/TrustProxies.php(58): Illuminate\\Pipeline\\Pipeline->{closure:{closure:Illuminate\\Pipeline\\Pipeline::carry():194}:195}(Object(Illuminate\\Http\\Request))
#60 /Users/agnojf/Documents/alson-workspace/projects/lead-lab/application/source/vendor/laravel/framework/src/Illuminate/Pipeline/Pipeline.php(219): Illuminate\\Http\\Middleware\\TrustProxies->handle(Object(Illuminate\\Http\\Request), Object(Closure))
#61 /Users/agnojf/Documents/alson-workspace/projects/lead-lab/application/source/vendor/laravel/framework/src/Illuminate/Foundation/Http/Middleware/InvokeDeferredCallbacks.php(22): Illuminate\\Pipeline\\Pipeline->{closure:{closure:Illuminate\\Pipeline\\Pipeline::carry():194}:195}(Object(Illuminate\\Http\\Request))
#62 /Users/agnojf/Documents/alson-workspace/projects/lead-lab/application/source/vendor/laravel/framework/src/Illuminate/Pipeline/Pipeline.php(219): Illuminate\\Foundation\\Http\\Middleware\\InvokeDeferredCallbacks->handle(Object(Illuminate\\Http\\Request), Object(Closure))
#63 /Users/agnojf/Documents/alson-workspace/projects/lead-lab/application/source/vendor/laravel/framework/src/Illuminate/Http/Middleware/ValidatePathEncoding.php(28): Illuminate\\Pipeline\\Pipeline->{closure:{closure:Illuminate\\Pipeline\\Pipeline::carry():194}:195}(Object(Illuminate\\Http\\Request))
#64 /Users/agnojf/Documents/alson-workspace/projects/lead-lab/application/source/vendor/laravel/framework/src/Illuminate/Pipeline/Pipeline.php(219): Illuminate\\Http\\Middleware\\ValidatePathEncoding->handle(Object(Illuminate\\Http\\Request), Object(Closure))
#65 /Users/agnojf/Documents/alson-workspace/projects/lead-lab/application/source/vendor/laravel/framework/src/Illuminate/Pipeline/Pipeline.php(137): Illuminate\\Pipeline\\Pipeline->{closure:{closure:Illuminate\\Pipeline\\Pipeline::carry():194}:195}(Object(Illuminate\\Http\\Request))
#66 /Users/agnojf/Documents/alson-workspace/projects/lead-lab/application/source/vendor/laravel/framework/src/Illuminate/Foundation/Http/Kernel.php(175): Illuminate\\Pipeline\\Pipeline->then(Object(Closure))
#67 /Users/agnojf/Documents/alson-workspace/projects/lead-lab/application/source/vendor/laravel/framework/src/Illuminate/Foundation/Http/Kernel.php(144): Illuminate\\Foundation\\Http\\Kernel->sendRequestThroughRouter(Object(Illuminate\\Http\\Request))
#68 /Users/agnojf/Documents/alson-workspace/projects/lead-lab/application/source/vendor/laravel/framework/src/Illuminate/Foundation/Testing/Concerns/MakesHttpRequests.php(638): Illuminate\\Foundation\\Http\\Kernel->handle(Object(Illuminate\\Http\\Request))
#69 /Users/agnojf/Documents/alson-workspace/projects/lead-lab/application/source/vendor/laravel/framework/src/Illuminate/Foundation/Testing/Concerns/MakesHttpRequests.php(368): Illuminate\\Foundation\\Testing\\TestCase->call('GET', 'http://localhos...', Array, Array, Array, Array)
#70 /Users/agnojf/Documents/alson-workspace/projects/lead-lab/application/source/tests/Feature/LeadLabAccessTest.php(176): Illuminate\\Foundation\\Testing\\TestCase->get('http://localhos...')
#71 /Users/agnojf/Documents/alson-workspace/projects/lead-lab/application/source/vendor/phpunit/phpunit/src/Framework/TestCase.php(1318): Tests\\Feature\\LeadLabAccessTest->test_participants_can_open_published_classroom_recordings_page()
#72 /Users/agnojf/Documents/alson-workspace/projects/lead-lab/application/source/vendor/phpunit/phpunit/src/Framework/TestCase.php(1355): PHPUnit\\Framework\\TestCase->invokeTestMethod('test_participan...', Array)
#73 /Users/agnojf/Documents/alson-workspace/projects/lead-lab/application/source/vendor/phpunit/phpunit/src/Framework/TestCase.php(521): PHPUnit\\Framework\\TestCase->runTest()
#74 /Users/agnojf/Documents/alson-workspace/projects/lead-lab/application/source/vendor/phpunit/phpunit/src/Framework/TestRunner/TestRunner.php(99): PHPUnit\\Framework\\TestCase->runBare()
#75 /Users/agnojf/Documents/alson-workspace/projects/lead-lab/application/source/vendor/phpunit/phpunit/src/Framework/TestCase.php(361): PHPUnit\\Framework\\TestRunner->run(Object(Tests\\Feature\\LeadLabAccessTest))
#76 /Users/agnojf/Documents/alson-workspace/projects/lead-lab/application/source/vendor/phpunit/phpunit/src/Framework/TestSuite.php(374): PHPUnit\\Framework\\TestCase->run()
#77 /Users/agnojf/Documents/alson-workspace/projects/lead-lab/application/source/vendor/phpunit/phpunit/src/Framework/TestSuite.php(374): PHPUnit\\Framework\\TestSuite->run()
#78 /Users/agnojf/Documents/alson-workspace/projects/lead-lab/application/source/vendor/phpunit/phpunit/src/Framework/TestSuite.php(374): PHPUnit\\Framework\\TestSuite->run()
#79 /Users/agnojf/Documents/alson-workspace/projects/lead-lab/application/source/vendor/phpunit/phpunit/src/TextUI/TestRunner.php(64): PHPUnit\\Framework\\TestSuite->run()
#80 /Users/agnojf/Documents/alson-workspace/projects/lead-lab/application/source/vendor/phpunit/phpunit/src/TextUI/Application.php(229): PHPUnit\\TextUI\\TestRunner->run(Object(PHPUnit\\TextUI\\Configuration\\Configuration), Object(PHPUnit\\Runner\\ResultCache\\DefaultResultCache), Object(PHPUnit\\Framework\\TestSuite))
#81 /Users/agnojf/Documents/alson-workspace/projects/lead-lab/application/source/vendor/phpunit/phpunit/phpunit(104): PHPUnit\\TextUI\\Application->run(Array)
#82 {main}

[previous exception] [object] (Illuminate\\Foundation\\ViteException(code: 0): Unable to locate file in Vite manifest: resources/js/pages/classroom/index.tsx. at /Users/agnojf/Documents/alson-workspace/projects/lead-lab/application/source/vendor/laravel/framework/src/Illuminate/Foundation/Vite.php:1042)
[stacktrace]
#0 /Users/agnojf/Documents/alson-workspace/projects/lead-lab/application/source/vendor/laravel/framework/src/Illuminate/Foundation/Vite.php(404): Illuminate\\Foundation\\Vite->chunk(Array, 'resources/js/pa...')
#1 /Users/agnojf/Documents/alson-workspace/projects/lead-lab/application/source/storage/framework/views/3e6a99cf09c2dbdc4bc406c8282626e4.php(40): Illuminate\\Foundation\\Vite->__invoke(Object(Illuminate\\Support\\Collection))
#2 /Users/agnojf/Documents/alson-workspace/projects/lead-lab/application/source/vendor/laravel/framework/src/Illuminate/Filesystem/Filesystem.php(123): require('/Users/agnojf/D...')
#3 /Users/agnojf/Documents/alson-workspace/projects/lead-lab/application/source/vendor/laravel/framework/src/Illuminate/Filesystem/Filesystem.php(124): Illuminate\\Filesystem\\Filesystem::{closure:Illuminate\\Filesystem\\Filesystem::getRequire():120}()
#4 /Users/agnojf/Documents/alson-workspace/projects/lead-lab/application/source/vendor/laravel/framework/src/Illuminate/View/Engines/PhpEngine.php(57): Illuminate\\Filesystem\\Filesystem->getRequire('/Users/agnojf/D...', Array)
#5 /Users/agnojf/Documents/alson-workspace/projects/lead-lab/application/source/vendor/laravel/framework/src/Illuminate/View/Engines/CompilerEngine.php(76): Illuminate\\View\\Engines\\PhpEngine->evaluatePath('/Users/agnojf/D...', Array)
#6 /Users/agnojf/Documents/alson-workspace/projects/lead-lab/application/source/vendor/laravel/framework/src/Illuminate/View/View.php(208): Illuminate\\View\\Engines\\CompilerEngine->get('/Users/agnojf/D...', Array)
#7 /Users/agnojf/Documents/alson-workspace/projects/lead-lab/application/source/vendor/laravel/framework/src/Illuminate/View/View.php(191): Illuminate\\View\\View->getContents()
#8 /Users/agnojf/Documents/alson-workspace/projects/lead-lab/application/source/vendor/laravel/framework/src/Illuminate/View/View.php(160): Illuminate\\View\\View->renderContents()
#9 /Users/agnojf/Documents/alson-workspace/projects/lead-lab/application/source/vendor/laravel/framework/src/Illuminate/Http/Response.php(82): Illuminate\\View\\View->render()
#10 /Users/agnojf/Documents/alson-workspace/projects/lead-lab/application/source/vendor/laravel/framework/src/Illuminate/Http/Response.php(40): Illuminate\\Http\\Response->setContent(Object(Illuminate\\View\\View))
#11 /Users/agnojf/Documents/alson-workspace/projects/lead-lab/application/source/vendor/laravel/framework/src/Illuminate/Routing/ResponseFactory.php(61): Illuminate\\Http\\Response->__construct(Object(Illuminate\\View\\View), 200, Array)
#12 /Users/agnojf/Documents/alson-workspace/projects/lead-lab/application/source/vendor/laravel/framework/src/Illuminate/Routing/ResponseFactory.php(91): Illuminate\\Routing\\ResponseFactory->make(Object(Illuminate\\View\\View), 200, Array)
#13 /Users/agnojf/Documents/alson-workspace/projects/lead-lab/application/source/vendor/laravel/framework/src/Illuminate/Support/Facades/Facade.php(364): Illuminate\\Routing\\ResponseFactory->view('app', Array)
#14 /Users/agnojf/Documents/alson-workspace/projects/lead-lab/application/source/vendor/inertiajs/inertia-laravel/src/Response.php(214): Illuminate\\Support\\Facades\\Facade::__callStatic('view', Array)
#15 /Users/agnojf/Documents/alson-workspace/projects/lead-lab/application/source/vendor/laravel/framework/src/Illuminate/Routing/Router.php(921): Inertia\\Response->toResponse(Object(Illuminate\\Http\\Request))
#16 /Users/agnojf/Documents/alson-workspace/projects/lead-lab/application/source/vendor/laravel/framework/src/Illuminate/Routing/Router.php(906): Illuminate\\Routing\\Router::toResponse(Object(Illuminate\\Http\\Request), Object(Inertia\\Response))
#17 /Users/agnojf/Documents/alson-workspace/projects/lead-lab/application/source/vendor/laravel/framework/src/Illuminate/Routing/Router.php(821): Illuminate\\Routing\\Router->prepareResponse(Object(Illuminate\\Http\\Request), Object(Inertia\\Response))
#18 /Users/agnojf/Documents/alson-workspace/projects/lead-lab/application/source/vendor/laravel/framework/src/Illuminate/Pipeline/Pipeline.php(180): Illuminate\\Routing\\Router->{closure:Illuminate\\Routing\\Router::runRouteWithinStack():821}(Object(Illuminate\\Http\\Request))
#19 /Users/agnojf/Documents/alson-workspace/projects/lead-lab/application/source/app/Http/Middleware/EnsureActiveUser.php(24): Illuminate\\Pipeline\\Pipeline->{closure:Illuminate\\Pipeline\\Pipeline::prepareDestination():178}(Object(Illuminate\\Http\\Request))
#20 /Users/agnojf/Documents/alson-workspace/projects/lead-lab/application/source/vendor/laravel/framework/src/Illuminate/Pipeline/Pipeline.php(219): App\\Http\\Middleware\\EnsureActiveUser->handle(Object(Illuminate\\Http\\Request), Object(Closure))
#21 /Users/agnojf/Documents/alson-workspace/projects/lead-lab/application/source/vendor/laravel/framework/src/Illuminate/Http/Middleware/AddLinkHeadersForPreloadedAssets.php(32): Illuminate\\Pipeline\\Pipeline->{closure:{closure:Illuminate\\Pipeline\\Pipeline::carry():194}:195}(Object(Illuminate\\Http\\Request))
#22 /Users/agnojf/Documents/alson-workspace/projects/lead-lab/application/source/vendor/laravel/framework/src/Illuminate/Pipeline/Pipeline.php(219): Illuminate\\Http\\Middleware\\AddLinkHeadersForPreloadedAssets->handle(Object(Illuminate\\Http\\Request), Object(Closure))
#23 /Users/agnojf/Documents/alson-workspace/projects/lead-lab/application/source/vendor/inertiajs/inertia-laravel/src/Middleware.php(147): Illuminate\\Pipeline\\Pipeline->{closure:{closure:Illuminate\\Pipeline\\Pipeline::carry():194}:195}(Object(Illuminate\\Http\\Request))
#24 /Users/agnojf/Documents/alson-workspace/projects/lead-lab/application/source/vendor/laravel/framework/src/Illuminate/Pipeline/Pipeline.php(219): Inertia\\Middleware->handle(Object(Illuminate\\Http\\Request), Object(Closure))
#25 /Users/agnojf/Documents/alson-workspace/projects/lead-lab/application/source/app/Http/Middleware/HandleAppearance.php(21): Illuminate\\Pipeline\\Pipeline->{closure:{closure:Illuminate\\Pipeline\\Pipeline::carry():194}:195}(Object(Illuminate\\Http\\Request))
#26 /Users/agnojf/Documents/alson-workspace/projects/lead-lab/application/source/vendor/laravel/framework/src/Illuminate/Pipeline/Pipeline.php(219): App\\Http\\Middleware\\HandleAppearance->handle(Object(Illuminate\\Http\\Request), Object(Closure))
#27 /Users/agnojf/Documents/alson-workspace/projects/lead-lab/application/source/vendor/laravel/framework/src/Illuminate/Routing/Middleware/SubstituteBindings.php(52): Illuminate\\Pipeline\\Pipeline->{closure:{closure:Illuminate\\Pipeline\\Pipeline::carry():194}:195}(Object(Illuminate\\Http\\Request))
#28 /Users/agnojf/Documents/alson-workspace/projects/lead-lab/application/source/vendor/laravel/framework/src/Illuminate/Pipeline/Pipeline.php(219): Illuminate\\Routing\\Middleware\\SubstituteBindings->handle(Object(Illuminate\\Http\\Request), Object(Closure))
#29 /Users/agnojf/Documents/alson-workspace/projects/lead-lab/application/source/vendor/laravel/framework/src/Illuminate/Auth/Middleware/Authenticate.php(63): Illuminate\\Pipeline\\Pipeline->{closure:{closure:Illuminate\\Pipeline\\Pipeline::carry():194}:195}(Object(Illuminate\\Http\\Request))
#30 /Users/agnojf/Documents/alson-workspace/projects/lead-lab/application/source/vendor/laravel/framework/src/Illuminate/Pipeline/Pipeline.php(219): Illuminate\\Auth\\Middleware\\Authenticate->handle(Object(Illuminate\\Http\\Request), Object(Closure))
#31 /Users/agnojf/Documents/alson-workspace/projects/lead-lab/application/source/vendor/laravel/framework/src/Illuminate/Foundation/Http/Middleware/PreventRequestForgery.php(104): Illuminate\\Pipeline\\Pipeline->{closure:{closure:Illuminate\\Pipeline\\Pipeline::carry():194}:195}(Object(Illuminate\\Http\\Request))
#32 /Users/agnojf/Documents/alson-workspace/projects/lead-lab/application/source/vendor/laravel/framework/src/Illuminate/Pipeline/Pipeline.php(219): Illuminate\\Foundation\\Http\\Middleware\\PreventRequestForgery->handle(Object(Illuminate\\Http\\Request), Object(Closure))
#33 /Users/agnojf/Documents/alson-workspace/projects/lead-lab/application/source/vendor/laravel/framework/src/Illuminate/View/Middleware/ShareErrorsFromSession.php(48): Illuminate\\Pipeline\\Pipeline->{closure:{closure:Illuminate\\Pipeline\\Pipeline::carry():194}:195}(Object(Illuminate\\Http\\Request))
#34 /Users/agnojf/Documents/alson-workspace/projects/lead-lab/application/source/vendor/laravel/framework/src/Illuminate/Pipeline/Pipeline.php(219): Illuminate\\View\\Middleware\\ShareErrorsFromSession->handle(Object(Illuminate\\Http\\Request), Object(Closure))
#35 /Users/agnojf/Documents/alson-workspace/projects/lead-lab/application/source/vendor/laravel/framework/src/Illuminate/Session/Middleware/StartSession.php(120): Illuminate\\Pipeline\\Pipeline->{closure:{closure:Illuminate\\Pipeline\\Pipeline::carry():194}:195}(Object(Illuminate\\Http\\Request))
#36 /Users/agnojf/Documents/alson-workspace/projects/lead-lab/application/source/vendor/laravel/framework/src/Illuminate/Session/Middleware/StartSession.php(63): Illuminate\\Session\\Middleware\\StartSession->handleStatefulRequest(Object(Illuminate\\Http\\Request), Object(Illuminate\\Session\\Store), Object(Closure))
#37 /Users/agnojf/Documents/alson-workspace/projects/lead-lab/application/source/vendor/laravel/framework/src/Illuminate/Pipeline/Pipeline.php(219): Illuminate\\Session\\Middleware\\StartSession->handle(Object(Illuminate\\Http\\Request), Object(Closure))
#38 /Users/agnojf/Documents/alson-workspace/projects/lead-lab/application/source/vendor/laravel/framework/src/Illuminate/Cookie/Middleware/AddQueuedCookiesToResponse.php(36): Illuminate\\Pipeline\\Pipeline->{closure:{closure:Illuminate\\Pipeline\\Pipeline::carry():194}:195}(Object(Illuminate\\Http\\Request))
#39 /Users/agnojf/Documents/alson-workspace/projects/lead-lab/application/source/vendor/laravel/framework/src/Illuminate/Pipeline/Pipeline.php(219): Illuminate\\Cookie\\Middleware\\AddQueuedCookiesToResponse->handle(Object(Illuminate\\Http\\Request), Object(Closure))
#40 /Users/agnojf/Documents/alson-workspace/projects/lead-lab/application/source/vendor/laravel/framework/src/Illuminate/Cookie/Middleware/EncryptCookies.php(74): Illuminate\\Pipeline\\Pipeline->{closure:{closure:Illuminate\\Pipeline\\Pipeline::carry():194}:195}(Object(Illuminate\\Http\\Request))
#41 /Users/agnojf/Documents/alson-workspace/projects/lead-lab/application/source/vendor/laravel/framework/src/Illuminate/Pipeline/Pipeline.php(219): Illuminate\\Cookie\\Middleware\\EncryptCookies->handle(Object(Illuminate\\Http\\Request), Object(Closure))
#42 /Users/agnojf/Documents/alson-workspace/projects/lead-lab/application/source/vendor/laravel/framework/src/Illuminate/Pipeline/Pipeline.php(137): Illuminate\\Pipeline\\Pipeline->{closure:{closure:Illuminate\\Pipeline\\Pipeline::carry():194}:195}(Object(Illuminate\\Http\\Request))
#43 /Users/agnojf/Documents/alson-workspace/projects/lead-lab/application/source/vendor/laravel/framework/src/Illuminate/Routing/Router.php(821): Illuminate\\Pipeline\\Pipeline->then(Object(Closure))
#44 /Users/agnojf/Documents/alson-workspace/projects/lead-lab/application/source/vendor/laravel/framework/src/Illuminate/Routing/Router.php(800): Illuminate\\Routing\\Router->runRouteWithinStack(Object(Illuminate\\Routing\\Route), Object(Illuminate\\Http\\Request))
#45 /Users/agnojf/Documents/alson-workspace/projects/lead-lab/application/source/vendor/laravel/framework/src/Illuminate/Routing/Router.php(764): Illuminate\\Routing\\Router->runRoute(Object(Illuminate\\Http\\Request), Object(Illuminate\\Routing\\Route))
#46 /Users/agnojf/Documents/alson-workspace/projects/lead-lab/application/source/vendor/laravel/framework/src/Illuminate/Routing/Router.php(753): Illuminate\\Routing\\Router->dispatchToRoute(Object(Illuminate\\Http\\Request))
#47 /Users/agnojf/Documents/alson-workspace/projects/lead-lab/application/source/vendor/laravel/framework/src/Illuminate/Foundation/Http/Kernel.php(200): Illuminate\\Routing\\Router->dispatch(Object(Illuminate\\Http\\Request))
#48 /Users/agnojf/Documents/alson-workspace/projects/lead-lab/application/source/vendor/laravel/framework/src/Illuminate/Pipeline/Pipeline.php(180): Illuminate\\Foundation\\Http\\Kernel->{closure:Illuminate\\Foundation\\Http\\Kernel::dispatchToRouter():197}(Object(Illuminate\\Http\\Request))
#49 /Users/agnojf/Documents/alson-workspace/projects/lead-lab/application/source/vendor/inertiajs/inertia-laravel/src/Middleware/EnsureGetOnRedirect.php(19): Illuminate\\Pipeline\\Pipeline->{closure:Illuminate\\Pipeline\\Pipeline::prepareDestination():178}(Object(Illuminate\\Http\\Request))
#50 /Users/agnojf/Documents/alson-workspace/projects/lead-lab/application/source/vendor/laravel/framework/src/Illuminate/Pipeline/Pipeline.php(219): Inertia\\Middleware\\EnsureGetOnRedirect->handle(Object(Illuminate\\Http\\Request), Object(Closure))
#51 /Users/agnojf/Documents/alson-workspace/projects/lead-lab/application/source/vendor/laravel/framework/src/Illuminate/Foundation/Http/Middleware/TransformsRequest.php(21): Illuminate\\Pipeline\\Pipeline->{closure:{closure:Illuminate\\Pipeline\\Pipeline::carry():194}:195}(Object(Illuminate\\Http\\Request))
#52 /Users/agnojf/Documents/alson-workspace/projects/lead-lab/application/source/vendor/laravel/framework/src/Illuminate/Foundation/Http/Middleware/ConvertEmptyStringsToNull.php(31): Illuminate\\Foundation\\Http\\Middleware\\TransformsRequest->handle(Object(Illuminate\\Http\\Request), Object(Closure))
#53 /Users/agnojf/Documents/alson-workspace/projects/lead-lab/application/source/vendor/laravel/framework/src/Illuminate/Pipeline/Pipeline.php(219): Illuminate\\Foundation\\Http\\Middleware\\ConvertEmptyStringsToNull->handle(Object(Illuminate\\Http\\Request), Object(Closure))
#54 /Users/agnojf/Documents/alson-workspace/projects/lead-lab/application/source/vendor/laravel/framework/src/Illuminate/Foundation/Http/Middleware/TransformsRequest.php(21): Illuminate\\Pipeline\\Pipeline->{closure:{closure:Illuminate\\Pipeline\\Pipeline::carry():194}:195}(Object(Illuminate\\Http\\Request))
#55 /Users/agnojf/Documents/alson-workspace/projects/lead-lab/application/source/vendor/laravel/framework/src/Illuminate/Foundation/Http/Middleware/TrimStrings.php(51): Illuminate\\Foundation\\Http\\Middleware\\TransformsRequest->handle(Object(Illuminate\\Http\\Request), Object(Closure))
#56 /Users/agnojf/Documents/alson-workspace/projects/lead-lab/application/source/vendor/laravel/framework/src/Illuminate/Pipeline/Pipeline.php(219): Illuminate\\Foundation\\Http\\Middleware\\TrimStrings->handle(Object(Illuminate\\Http\\Request), Object(Closure))
#57 /Users/agnojf/Documents/alson-workspace/projects/lead-lab/application/source/vendor/laravel/framework/src/Illuminate/Http/Middleware/ValidatePostSize.php(27): Illuminate\\Pipeline\\Pipeline->{closure:{closure:Illuminate\\Pipeline\\Pipeline::carry():194}:195}(Object(Illuminate\\Http\\Request))
#58 /Users/agnojf/Documents/alson-workspace/projects/lead-lab/application/source/vendor/laravel/framework/src/Illuminate/Pipeline/Pipeline.php(219): Illuminate\\Http\\Middleware\\ValidatePostSize->handle(Object(Illuminate\\Http\\Request), Object(Closure))
#59 /Users/agnojf/Documents/alson-workspace/projects/lead-lab/application/source/vendor/laravel/framework/src/Illuminate/Foundation/Http/Middleware/PreventRequestsDuringMaintenance.php(110): Illuminate\\Pipeline\\Pipeline->{closure:{closure:Illuminate\\Pipeline\\Pipeline::carry():194}:195}(Object(Illuminate\\Http\\Request))
#60 /Users/agnojf/Documents/alson-workspace/projects/lead-lab/application/source/vendor/laravel/framework/src/Illuminate/Pipeline/Pipeline.php(219): Illuminate\\Foundation\\Http\\Middleware\\PreventRequestsDuringMaintenance->handle(Object(Illuminate\\Http\\Request), Object(Closure))
#61 /Users/agnojf/Documents/alson-workspace/projects/lead-lab/application/source/vendor/laravel/framework/src/Illuminate/Http/Middleware/HandleCors.php(61): Illuminate\\Pipeline\\Pipeline->{closure:{closure:Illuminate\\Pipeline\\Pipeline::carry():194}:195}(Object(Illuminate\\Http\\Request))
#62 /Users/agnojf/Documents/alson-workspace/projects/lead-lab/application/source/vendor/laravel/framework/src/Illuminate/Pipeline/Pipeline.php(219): Illuminate\\Http\\Middleware\\HandleCors->handle(Object(Illuminate\\Http\\Request), Object(Closure))
#63 /Users/agnojf/Documents/alson-workspace/projects/lead-lab/application/source/vendor/laravel/framework/src/Illuminate/Http/Middleware/TrustProxies.php(58): Illuminate\\Pipeline\\Pipeline->{closure:{closure:Illuminate\\Pipeline\\Pipeline::carry():194}:195}(Object(Illuminate\\Http\\Request))
#64 /Users/agnojf/Documents/alson-workspace/projects/lead-lab/application/source/vendor/laravel/framework/src/Illuminate/Pipeline/Pipeline.php(219): Illuminate\\Http\\Middleware\\TrustProxies->handle(Object(Illuminate\\Http\\Request), Object(Closure))
#65 /Users/agnojf/Documents/alson-workspace/projects/lead-lab/application/source/vendor/laravel/framework/src/Illuminate/Foundation/Http/Middleware/InvokeDeferredCallbacks.php(22): Illuminate\\Pipeline\\Pipeline->{closure:{closure:Illuminate\\Pipeline\\Pipeline::carry():194}:195}(Object(Illuminate\\Http\\Request))
#66 /Users/agnojf/Documents/alson-workspace/projects/lead-lab/application/source/vendor/laravel/framework/src/Illuminate/Pipeline/Pipeline.php(219): Illuminate\\Foundation\\Http\\Middleware\\InvokeDeferredCallbacks->handle(Object(Illuminate\\Http\\Request), Object(Closure))
#67 /Users/agnojf/Documents/alson-workspace/projects/lead-lab/application/source/vendor/laravel/framework/src/Illuminate/Http/Middleware/ValidatePathEncoding.php(28): Illuminate\\Pipeline\\Pipeline->{closure:{closure:Illuminate\\Pipeline\\Pipeline::carry():194}:195}(Object(Illuminate\\Http\\Request))
#68 /Users/agnojf/Documents/alson-workspace/projects/lead-lab/application/source/vendor/laravel/framework/src/Illuminate/Pipeline/Pipeline.php(219): Illuminate\\Http\\Middleware\\ValidatePathEncoding->handle(Object(Illuminate\\Http\\Request), Object(Closure))
#69 /Users/agnojf/Documents/alson-workspace/projects/lead-lab/application/source/vendor/laravel/framework/src/Illuminate/Pipeline/Pipeline.php(137): Illuminate\\Pipeline\\Pipeline->{closure:{closure:Illuminate\\Pipeline\\Pipeline::carry():194}:195}(Object(Illuminate\\Http\\Request))
#70 /Users/agnojf/Documents/alson-workspace/projects/lead-lab/application/source/vendor/laravel/framework/src/Illuminate/Foundation/Http/Kernel.php(175): Illuminate\\Pipeline\\Pipeline->then(Object(Closure))
#71 /Users/agnojf/Documents/alson-workspace/projects/lead-lab/application/source/vendor/laravel/framework/src/Illuminate/Foundation/Http/Kernel.php(144): Illuminate\\Foundation\\Http\\Kernel->sendRequestThroughRouter(Object(Illuminate\\Http\\Request))
#72 /Users/agnojf/Documents/alson-workspace/projects/lead-lab/application/source/vendor/laravel/framework/src/Illuminate/Foundation/Testing/Concerns/MakesHttpRequests.php(638): Illuminate\\Foundation\\Http\\Kernel->handle(Object(Illuminate\\Http\\Request))
#73 /Users/agnojf/Documents/alson-workspace/projects/lead-lab/application/source/vendor/laravel/framework/src/Illuminate/Foundation/Testing/Concerns/MakesHttpRequests.php(368): Illuminate\\Foundation\\Testing\\TestCase->call('GET', 'http://localhos...', Array, Array, Array, Array)
#74 /Users/agnojf/Documents/alson-workspace/projects/lead-lab/application/source/tests/Feature/LeadLabAccessTest.php(176): Illuminate\\Foundation\\Testing\\TestCase->get('http://localhos...')
#75 /Users/agnojf/Documents/alson-workspace/projects/lead-lab/application/source/vendor/phpunit/phpunit/src/Framework/TestCase.php(1318): Tests\\Feature\\LeadLabAccessTest->test_participants_can_open_published_classroom_recordings_page()
#76 /Users/agnojf/Documents/alson-workspace/projects/lead-lab/application/source/vendor/phpunit/phpunit/src/Framework/TestCase.php(1355): PHPUnit\\Framework\\TestCase->invokeTestMethod('test_participan...', Array)
#77 /Users/agnojf/Documents/alson-workspace/projects/lead-lab/application/source/vendor/phpunit/phpunit/src/Framework/TestCase.php(521): PHPUnit\\Framework\\TestCase->runTest()
#78 /Users/agnojf/Documents/alson-workspace/projects/lead-lab/application/source/vendor/phpunit/phpunit/src/Framework/TestRunner/TestRunner.php(99): PHPUnit\\Framework\\TestCase->runBare()
#79 /Users/agnojf/Documents/alson-workspace/projects/lead-lab/application/source/vendor/phpunit/phpunit/src/Framework/TestCase.php(361): PHPUnit\\Framework\\TestRunner->run(Object(Tests\\Feature\\LeadLabAccessTest))
#80 /Users/agnojf/Documents/alson-workspace/projects/lead-lab/application/source/vendor/phpunit/phpunit/src/Framework/TestSuite.php(374): PHPUnit\\Framework\\TestCase->run()
#81 /Users/agnojf/Documents/alson-workspace/projects/lead-lab/application/source/vendor/phpunit/phpunit/src/Framework/TestSuite.php(374): PHPUnit\\Framework\\TestSuite->run()
#82 /Users/agnojf/Documents/alson-workspace/projects/lead-lab/application/source/vendor/phpunit/phpunit/src/Framework/TestSuite.php(374): PHPUnit\\Framework\\TestSuite->run()
#83 /Users/agnojf/Documents/alson-workspace/projects/lead-lab/application/source/vendor/phpunit/phpunit/src/TextUI/TestRunner.php(64): PHPUnit\\Framework\\TestSuite->run()
#84 /Users/agnojf/Documents/alson-workspace/projects/lead-lab/application/source/vendor/phpunit/phpunit/src/TextUI/Application.php(229): PHPUnit\\TextUI\\TestRunner->run(Object(PHPUnit\\TextUI\\Configuration\\Configuration), Object(PHPUnit\\Runner\\ResultCache\\DefaultResultCache), Object(PHPUnit\\Framework\\TestSuite))
#85 /Users/agnojf/Documents/alson-workspace/projects/lead-lab/application/source/vendor/phpunit/phpunit/phpunit(104): PHPUnit\\TextUI\\Application->run(Array)
#86 {main}
"} 
[2026-08-20 02:10:02] local.ERROR: The "--columns" option does not exist. {"exception":"[object] (Symfony\\Component\\Console\\Exception\\RuntimeException(code: 0): The \"--columns\" option does not exist. at /Users/agnojf/Documents/alson-workspace/projects/lead-lab/application/source/vendor/symfony/console/Input/ArgvInput.php:226)
[stacktrace]
#0 /Users/agnojf/Documents/alson-workspace/projects/lead-lab/application/source/vendor/symfony/console/Input/ArgvInput.php(153): Symfony\\Component\\Console\\Input\\ArgvInput->addLongOption('columns', 'method,uri,name...')
#1 /Users/agnojf/Documents/alson-workspace/projects/lead-lab/application/source/vendor/symfony/console/Input/ArgvInput.php(88): Symfony\\Component\\Console\\Input\\ArgvInput->parseLongOption('--columns=metho...')
#2 /Users/agnojf/Documents/alson-workspace/projects/lead-lab/application/source/vendor/symfony/console/Input/ArgvInput.php(77): Symfony\\Component\\Console\\Input\\ArgvInput->parseToken('--columns=metho...', true)
#3 /Users/agnojf/Documents/alson-workspace/projects/lead-lab/application/source/vendor/symfony/console/Input/Input.php(53): Symfony\\Component\\Console\\Input\\ArgvInput->parse()
#4 /Users/agnojf/Documents/alson-workspace/projects/lead-lab/application/source/vendor/symfony/console/Command/Command.php(238): Symfony\\Component\\Console\\Input\\Input->bind(Object(Symfony\\Component\\Console\\Input\\InputDefinition))
#5 /Users/agnojf/Documents/alson-workspace/projects/lead-lab/application/source/vendor/laravel/framework/src/Illuminate/Console/Command.php(261): Symfony\\Component\\Console\\Command\\Command->run(Object(Symfony\\Component\\Console\\Input\\ArgvInput), Object(Laravel\\Pao\\Laravel\\PaoOutputStyle))
#6 /Users/agnojf/Documents/alson-workspace/projects/lead-lab/application/source/vendor/symfony/console/Application.php(1144): Illuminate\\Console\\Command->run(Object(Symfony\\Component\\Console\\Input\\ArgvInput), Object(Symfony\\Component\\Console\\Output\\ConsoleOutput))
#7 /Users/agnojf/Documents/alson-workspace/projects/lead-lab/application/source/vendor/symfony/console/Application.php(379): Symfony\\Component\\Console\\Application->doRunCommand(Object(Illuminate\\Foundation\\Console\\RouteListCommand), Object(Symfony\\Component\\Console\\Input\\ArgvInput), Object(Symfony\\Component\\Console\\Output\\ConsoleOutput))
#8 /Users/agnojf/Documents/alson-workspace/projects/lead-lab/application/source/vendor/symfony/console/Application.php(218): Symfony\\Component\\Console\\Application->doRun(Object(Symfony\\Component\\Console\\Input\\ArgvInput), Object(Symfony\\Component\\Console\\Output\\ConsoleOutput))
#9 /Users/agnojf/Documents/alson-workspace/projects/lead-lab/application/source/vendor/laravel/framework/src/Illuminate/Foundation/Console/Kernel.php(198): Symfony\\Component\\Console\\Application->run(Object(Symfony\\Component\\Console\\Input\\ArgvInput), Object(Symfony\\Component\\Console\\Output\\ConsoleOutput))
#10 /Users/agnojf/Documents/alson-workspace/projects/lead-lab/application/source/vendor/laravel/framework/src/Illuminate/Foundation/Application.php(1242): Illuminate\\Foundation\\Console\\Kernel->handle(Object(Symfony\\Component\\Console\\Input\\ArgvInput), Object(Symfony\\Component\\Console\\Output\\ConsoleOutput))
#11 /Users/agnojf/Documents/alson-workspace/projects/lead-lab/application/source/artisan(16): Illuminate\\Foundation\\Application->handleCommand(Object(Symfony\\Component\\Console\\Input\\ArgvInput))
#12 {main}
"} 
[2026-08-24 03:12:59] local.ERROR: SQLSTATE[HY000]: General error: 1 no such table: session_questions (Connection: sqlite, Database: /Users/agnojf/Documents/alson-workspace/projects/lead-lab/application/source/database/database.sqlite, SQL: select * from "session_questions" where "session_questions"."learning_session_id" = 2 and "session_questions"."learning_session_id" is not null order by "created_at" desc) {"userId":1,"exception":"[object] (Illuminate\\Database\\QueryException(code: HY000): SQLSTATE[HY000]: General error: 1 no such table: session_questions (Connection: sqlite, Database: /Users/agnojf/Documents/alson-workspace/projects/lead-lab/application/source/database/database.sqlite, SQL: select * from \"session_questions\" where \"session_questions\".\"learning_session_id\" = 2 and \"session_questions\".\"learning_session_id\" is not null order by \"created_at\" desc) at /Users/agnojf/Documents/alson-workspace/projects/lead-lab/application/source/vendor/laravel/framework/src/Illuminate/Database/Connection.php:857)
[stacktrace]
#0 /Users/agnojf/Documents/alson-workspace/projects/lead-lab/application/source/vendor/laravel/framework/src/Illuminate/Database/Connection.php(813): Illuminate\\Database\\Connection->runQueryCallback('select * from \"...', Array, Object(Closure))
#1 /Users/agnojf/Documents/alson-workspace/projects/lead-lab/application/source/vendor/laravel/framework/src/Illuminate/Database/Connection.php(426): Illuminate\\Database\\Connection->run('select * from \"...', Array, Object(Closure))
#2 /Users/agnojf/Documents/alson-workspace/projects/lead-lab/application/source/vendor/laravel/framework/src/Illuminate/Database/Query/Builder.php(3573): Illuminate\\Database\\Connection->select('select * from \"...', Array, true, Array)
#3 /Users/agnojf/Documents/alson-workspace/projects/lead-lab/application/source/vendor/laravel/framework/src/Illuminate/Database/Query/Builder.php(3557): Illuminate\\Database\\Query\\Builder->runSelect()
#4 /Users/agnojf/Documents/alson-workspace/projects/lead-lab/application/source/vendor/laravel/framework/src/Illuminate/Database/Eloquent/Builder.php(908): Illuminate\\Database\\Query\\Builder->get(Array)
#5 /Users/agnojf/Documents/alson-workspace/projects/lead-lab/application/source/vendor/laravel/framework/src/Illuminate/Database/Eloquent/Builder.php(890): Illuminate\\Database\\Eloquent\\Builder->getModels(Array)
#6 /Users/agnojf/Documents/alson-workspace/projects/lead-lab/application/source/vendor/laravel/framework/src/Illuminate/Database/Eloquent/Relations/Relation.php(285): Illuminate\\Database\\Eloquent\\Builder->get(Array)
#7 /Users/agnojf/Documents/alson-workspace/projects/lead-lab/application/source/app/Http/Controllers/LearningSessionController.php(85): Illuminate\\Database\\Eloquent\\Relations\\Relation->get()
#8 /Users/agnojf/Documents/alson-workspace/projects/lead-lab/application/source/vendor/laravel/framework/src/Illuminate/Routing/ControllerDispatcher.php(46): App\\Http\\Controllers\\LearningSessionController->show(Object(Illuminate\\Http\\Request), Object(App\\Models\\LearningSession))
#9 /Users/agnojf/Documents/alson-workspace/projects/lead-lab/application/source/vendor/laravel/framework/src/Illuminate/Routing/Route.php(276): Illuminate\\Routing\\ControllerDispatcher->dispatch(Object(Illuminate\\Routing\\Route), Object(App\\Http\\Controllers\\LearningSessionController), 'show')
#10 /Users/agnojf/Documents/alson-workspace/projects/lead-lab/application/source/vendor/laravel/framework/src/Illuminate/Routing/Route.php(216): Illuminate\\Routing\\Route->runController()
#11 /Users/agnojf/Documents/alson-workspace/projects/lead-lab/application/source/vendor/laravel/framework/src/Illuminate/Routing/Router.php(822): Illuminate\\Routing\\Route->run()
#12 /Users/agnojf/Documents/alson-workspace/projects/lead-lab/application/source/vendor/laravel/framework/src/Illuminate/Pipeline/Pipeline.php(180): Illuminate\\Routing\\Router->{closure:Illuminate\\Routing\\Router::runRouteWithinStack():821}(Object(Illuminate\\Http\\Request))
#13 /Users/agnojf/Documents/alson-workspace/projects/lead-lab/application/source/app/Http/Middleware/EnsureActiveUser.php(28): Illuminate\\Pipeline\\Pipeline->{closure:Illuminate\\Pipeline\\Pipeline::prepareDestination():178}(Object(Illuminate\\Http\\Request))
#14 /Users/agnojf/Documents/alson-workspace/projects/lead-lab/application/source/vendor/laravel/framework/src/Illuminate/Pipeline/Pipeline.php(219): App\\Http\\Middleware\\EnsureActiveUser->handle(Object(Illuminate\\Http\\Request), Object(Closure))
#15 /Users/agnojf/Documents/alson-workspace/projects/lead-lab/application/source/vendor/laravel/framework/src/Illuminate/Http/Middleware/AddLinkHeadersForPreloadedAssets.php(32): Illuminate\\Pipeline\\Pipeline->{closure:{closure:Illuminate\\Pipeline\\Pipeline::carry():194}:195}(Object(Illuminate\\Http\\Request))
#16 /Users/agnojf/Documents/alson-workspace/projects/lead-lab/application/source/vendor/laravel/framework/src/Illuminate/Pipeline/Pipeline.php(219): Illuminate\\Http\\Middleware\\AddLinkHeadersForPreloadedAssets->handle(Object(Illuminate\\Http\\Request), Object(Closure))
#17 /Users/agnojf/Documents/alson-workspace/projects/lead-lab/application/source/vendor/inertiajs/inertia-laravel/src/Middleware.php(147): Illuminate\\Pipeline\\Pipeline->{closure:{closure:Illuminate\\Pipeline\\Pipeline::carry():194}:195}(Object(Illuminate\\Http\\Request))
#18 /Users/agnojf/Documents/alson-workspace/projects/lead-lab/application/source/vendor/laravel/framework/src/Illuminate/Pipeline/Pipeline.php(219): Inertia\\Middleware->handle(Object(Illuminate\\Http\\Request), Object(Closure))
#19 /Users/agnojf/Documents/alson-workspace/projects/lead-lab/application/source/app/Http/Middleware/HandleAppearance.php(21): Illuminate\\Pipeline\\Pipeline->{closure:{closure:Illuminate\\Pipeline\\Pipeline::carry():194}:195}(Object(Illuminate\\Http\\Request))
#20 /Users/agnojf/Documents/alson-workspace/projects/lead-lab/application/source/vendor/laravel/framework/src/Illuminate/Pipeline/Pipeline.php(219): App\\Http\\Middleware\\HandleAppearance->handle(Object(Illuminate\\Http\\Request), Object(Closure))
#21 /Users/agnojf/Documents/alson-workspace/projects/lead-lab/application/source/vendor/laravel/framework/src/Illuminate/Routing/Middleware/SubstituteBindings.php(52): Illuminate\\Pipeline\\Pipeline->{closure:{closure:Illuminate\\Pipeline\\Pipeline::carry():194}:195}(Object(Illuminate\\Http\\Request))
#22 /Users/agnojf/Documents/alson-workspace/projects/lead-lab/application/source/vendor/laravel/framework/src/Illuminate/Pipeline/Pipeline.php(219): Illuminate\\Routing\\Middleware\\SubstituteBindings->handle(Object(Illuminate\\Http\\Request), Object(Closure))
#23 /Users/agnojf/Documents/alson-workspace/projects/lead-lab/application/source/vendor/laravel/framework/src/Illuminate/Auth/Middleware/Authenticate.php(63): Illuminate\\Pipeline\\Pipeline->{closure:{closure:Illuminate\\Pipeline\\Pipeline::carry():194}:195}(Object(Illuminate\\Http\\Request))
#24 /Users/agnojf/Documents/alson-workspace/projects/lead-lab/application/source/vendor/laravel/framework/src/Illuminate/Pipeline/Pipeline.php(219): Illuminate\\Auth\\Middleware\\Authenticate->handle(Object(Illuminate\\Http\\Request), Object(Closure))
#25 /Users/agnojf/Documents/alson-workspace/projects/lead-lab/application/source/vendor/laravel/framework/src/Illuminate/Foundation/Http/Middleware/PreventRequestForgery.php(104): Illuminate\\Pipeline\\Pipeline->{closure:{closure:Illuminate\\Pipeline\\Pipeline::carry():194}:195}(Object(Illuminate\\Http\\Request))
#26 /Users/agnojf/Documents/alson-workspace/projects/lead-lab/application/source/vendor/laravel/framework/src/Illuminate/Pipeline/Pipeline.php(219): Illuminate\\Foundation\\Http\\Middleware\\PreventRequestForgery->handle(Object(Illuminate\\Http\\Request), Object(Closure))
#27 /Users/agnojf/Documents/alson-workspace/projects/lead-lab/application/source/vendor/laravel/framework/src/Illuminate/View/Middleware/ShareErrorsFromSession.php(48): Illuminate\\Pipeline\\Pipeline->{closure:{closure:Illuminate\\Pipeline\\Pipeline::carry():194}:195}(Object(Illuminate\\Http\\Request))
#28 /Users/agnojf/Documents/alson-workspace/projects/lead-lab/application/source/vendor/laravel/framework/src/Illuminate/Pipeline/Pipeline.php(219): Illuminate\\View\\Middleware\\ShareErrorsFromSession->handle(Object(Illuminate\\Http\\Request), Object(Closure))
#29 /Users/agnojf/Documents/alson-workspace/projects/lead-lab/application/source/vendor/laravel/framework/src/Illuminate/Session/Middleware/StartSession.php(120): Illuminate\\Pipeline\\Pipeline->{closure:{closure:Illuminate\\Pipeline\\Pipeline::carry():194}:195}(Object(Illuminate\\Http\\Request))
#30 /Users/agnojf/Documents/alson-workspace/projects/lead-lab/application/source/vendor/laravel/framework/src/Illuminate/Session/Middleware/StartSession.php(63): Illuminate\\Session\\Middleware\\StartSession->handleStatefulRequest(Object(Illuminate\\Http\\Request), Object(Illuminate\\Session\\Store), Object(Closure))
#31 /Users/agnojf/Documents/alson-workspace/projects/lead-lab/application/source/vendor/laravel/framework/src/Illuminate/Pipeline/Pipeline.php(219): Illuminate\\Session\\Middleware\\StartSession->handle(Object(Illuminate\\Http\\Request), Object(Closure))
#32 /Users/agnojf/Documents/alson-workspace/projects/lead-lab/application/source/vendor/laravel/framework/src/Illuminate/Cookie/Middleware/AddQueuedCookiesToResponse.php(36): Illuminate\\Pipeline\\Pipeline->{closure:{closure:Illuminate\\Pipeline\\Pipeline::carry():194}:195}(Object(Illuminate\\Http\\Request))
#33 /Users/agnojf/Documents/alson-workspace/projects/lead-lab/application/source/vendor/laravel/framework/src/Illuminate/Pipeline/Pipeline.php(219): Illuminate\\Cookie\\Middleware\\AddQueuedCookiesToResponse->handle(Object(Illuminate\\Http\\Request), Object(Closure))
#34 /Users/agnojf/Documents/alson-workspace/projects/lead-lab/application/source/vendor/laravel/framework/src/Illuminate/Cookie/Middleware/EncryptCookies.php(74): Illuminate\\Pipeline\\Pipeline->{closure:{closure:Illuminate\\Pipeline\\Pipeline::carry():194}:195}(Object(Illuminate\\Http\\Request))
#35 /Users/agnojf/Documents/alson-workspace/projects/lead-lab/application/source/vendor/laravel/framework/src/Illuminate/Pipeline/Pipeline.php(219): Illuminate\\Cookie\\Middleware\\EncryptCookies->handle(Object(Illuminate\\Http\\Request), Object(Closure))
#36 /Users/agnojf/Documents/alson-workspace/projects/lead-lab/application/source/vendor/laravel/framework/src/Illuminate/Pipeline/Pipeline.php(137): Illuminate\\Pipeline\\Pipeline->{closure:{closure:Illuminate\\Pipeline\\Pipeline::carry():194}:195}(Object(Illuminate\\Http\\Request))
#37 /Users/agnojf/Documents/alson-workspace/projects/lead-lab/application/source/vendor/laravel/framework/src/Illuminate/Routing/Router.php(821): Illuminate\\Pipeline\\Pipeline->then(Object(Closure))
#38 /Users/agnojf/Documents/alson-workspace/projects/lead-lab/application/source/vendor/laravel/framework/src/Illuminate/Routing/Router.php(800): Illuminate\\Routing\\Router->runRouteWithinStack(Object(Illuminate\\Routing\\Route), Object(Illuminate\\Http\\Request))
#39 /Users/agnojf/Documents/alson-workspace/projects/lead-lab/application/source/vendor/laravel/framework/src/Illuminate/Routing/Router.php(764): Illuminate\\Routing\\Router->runRoute(Object(Illuminate\\Http\\Request), Object(Illuminate\\Routing\\Route))
#40 /Users/agnojf/Documents/alson-workspace/projects/lead-lab/application/source/vendor/laravel/framework/src/Illuminate/Routing/Router.php(753): Illuminate\\Routing\\Router->dispatchToRoute(Object(Illuminate\\Http\\Request))
#41 /Users/agnojf/Documents/alson-workspace/projects/lead-lab/application/source/vendor/laravel/framework/src/Illuminate/Foundation/Http/Kernel.php(200): Illuminate\\Routing\\Router->dispatch(Object(Illuminate\\Http\\Request))
#42 /Users/agnojf/Documents/alson-workspace/projects/lead-lab/application/source/vendor/laravel/framework/src/Illuminate/Pipeline/Pipeline.php(180): Illuminate\\Foundation\\Http\\Kernel->{closure:Illuminate\\Foundation\\Http\\Kernel::dispatchToRouter():197}(Object(Illuminate\\Http\\Request))
#43 /Users/agnojf/Documents/alson-workspace/projects/lead-lab/application/source/vendor/inertiajs/inertia-laravel/src/Middleware/EnsureGetOnRedirect.php(19): Illuminate\\Pipeline\\Pipeline->{closure:Illuminate\\Pipeline\\Pipeline::prepareDestination():178}(Object(Illuminate\\Http\\Request))
#44 /Users/agnojf/Documents/alson-workspace/projects/lead-lab/application/source/vendor/laravel/framework/src/Illuminate/Pipeline/Pipeline.php(219): Inertia\\Middleware\\EnsureGetOnRedirect->handle(Object(Illuminate\\Http\\Request), Object(Closure))
#45 /Users/agnojf/Documents/alson-workspace/projects/lead-lab/application/source/vendor/laravel/framework/src/Illuminate/Foundation/Http/Middleware/TransformsRequest.php(21): Illuminate\\Pipeline\\Pipeline->{closure:{closure:Illuminate\\Pipeline\\Pipeline::carry():194}:195}(Object(Illuminate\\Http\\Request))
#46 /Users/agnojf/Documents/alson-workspace/projects/lead-lab/application/source/vendor/laravel/framework/src/Illuminate/Foundation/Http/Middleware/ConvertEmptyStringsToNull.php(31): Illuminate\\Foundation\\Http\\Middleware\\TransformsRequest->handle(Object(Illuminate\\Http\\Request), Object(Closure))
#47 /Users/agnojf/Documents/alson-workspace/projects/lead-lab/application/source/vendor/laravel/framework/src/Illuminate/Pipeline/Pipeline.php(219): Illuminate\\Foundation\\Http\\Middleware\\ConvertEmptyStringsToNull->handle(Object(Illuminate\\Http\\Request), Object(Closure))
#48 /Users/agnojf/Documents/alson-workspace/projects/lead-lab/application/source/vendor/laravel/framework/src/Illuminate/Foundation/Http/Middleware/TransformsRequest.php(21): Illuminate\\Pipeline\\Pipeline->{closure:{closure:Illuminate\\Pipeline\\Pipeline::carry():194}:195}(Object(Illuminate\\Http\\Request))
#49 /Users/agnojf/Documents/alson-workspace/projects/lead-lab/application/source/vendor/laravel/framework/src/Illuminate/Foundation/Http/Middleware/TrimStrings.php(51): Illuminate\\Foundation\\Http\\Middleware\\TransformsRequest->handle(Object(Illuminate\\Http\\Request), Object(Closure))
#50 /Users/agnojf/Documents/alson-workspace/projects/lead-lab/application/source/vendor/laravel/framework/src/Illuminate/Pipeline/Pipeline.php(219): Illuminate\\Foundation\\Http\\Middleware\\TrimStrings->handle(Object(Illuminate\\Http\\Request), Object(Closure))
#51 /Users/agnojf/Documents/alson-workspace/projects/lead-lab/application/source/vendor/laravel/framework/src/Illuminate/Http/Middleware/ValidatePostSize.php(27): Illuminate\\Pipeline\\Pipeline->{closure:{closure:Illuminate\\Pipeline\\Pipeline::carry():194}:195}(Object(Illuminate\\Http\\Request))
#52 /Users/agnojf/Documents/alson-workspace/projects/lead-lab/application/source/vendor/laravel/framework/src/Illuminate/Pipeline/Pipeline.php(219): Illuminate\\Http\\Middleware\\ValidatePostSize->handle(Object(Illuminate\\Http\\Request), Object(Closure))
#53 /Users/agnojf/Documents/alson-workspace/projects/lead-lab/application/source/vendor/laravel/framework/src/Illuminate/Foundation/Http/Middleware/PreventRequestsDuringMaintenance.php(110): Illuminate\\Pipeline\\Pipeline->{closure:{closure:Illuminate\\Pipeline\\Pipeline::carry():194}:195}(Object(Illuminate\\Http\\Request))
#54 /Users/agnojf/Documents/alson-workspace/projects/lead-lab/application/source/vendor/laravel/framework/src/Illuminate/Pipeline/Pipeline.php(219): Illuminate\\Foundation\\Http\\Middleware\\PreventRequestsDuringMaintenance->handle(Object(Illuminate\\Http\\Request), Object(Closure))
#55 /Users/agnojf/Documents/alson-workspace/projects/lead-lab/application/source/vendor/laravel/framework/src/Illuminate/Http/Middleware/HandleCors.php(61): Illuminate\\Pipeline\\Pipeline->{closure:{closure:Illuminate\\Pipeline\\Pipeline::carry():194}:195}(Object(Illuminate\\Http\\Request))
#56 /Users/agnojf/Documents/alson-workspace/projects/lead-lab/application/source/vendor/laravel/framework/src/Illuminate/Pipeline/Pipeline.php(219): Illuminate\\Http\\Middleware\\HandleCors->handle(Object(Illuminate\\Http\\Request), Object(Closure))
#57 /Users/agnojf/Documents/alson-workspace/projects/lead-lab/application/source/vendor/laravel/framework/src/Illuminate/Http/Middleware/TrustProxies.php(58): Illuminate\\Pipeline\\Pipeline->{closure:{closure:Illuminate\\Pipeline\\Pipeline::carry():194}:195}(Object(Illuminate\\Http\\Request))
#58 /Users/agnojf/Documents/alson-workspace/projects/lead-lab/application/source/vendor/laravel/framework/src/Illuminate/Pipeline/Pipeline.php(219): Illuminate\\Http\\Middleware\\TrustProxies->handle(Object(Illuminate\\Http\\Request), Object(Closure))
#59 /Users/agnojf/Documents/alson-workspace/projects/lead-lab/application/source/vendor/laravel/framework/src/Illuminate/Foundation/Http/Middleware/InvokeDeferredCallbacks.php(22): Illuminate\\Pipeline\\Pipeline->{closure:{closure:Illuminate\\Pipeline\\Pipeline::carry():194}:195}(Object(Illuminate\\Http\\Request))
#60 /Users/agnojf/Documents/alson-workspace/projects/lead-lab/application/source/vendor/laravel/framework/src/Illuminate/Pipeline/Pipeline.php(219): Illuminate\\Foundation\\Http\\Middleware\\InvokeDeferredCallbacks->handle(Object(Illuminate\\Http\\Request), Object(Closure))
#61 /Users/agnojf/Documents/alson-workspace/projects/lead-lab/application/source/vendor/laravel/framework/src/Illuminate/Http/Middleware/ValidatePathEncoding.php(28): Illuminate\\Pipeline\\Pipeline->{closure:{closure:Illuminate\\Pipeline\\Pipeline::carry():194}:195}(Object(Illuminate\\Http\\Request))
#62 /Users/agnojf/Documents/alson-workspace/projects/lead-lab/application/source/vendor/laravel/framework/src/Illuminate/Pipeline/Pipeline.php(219): Illuminate\\Http\\Middleware\\ValidatePathEncoding->handle(Object(Illuminate\\Http\\Request), Object(Closure))
#63 /Users/agnojf/Documents/alson-workspace/projects/lead-lab/application/source/vendor/laravel/framework/src/Illuminate/Pipeline/Pipeline.php(137): Illuminate\\Pipeline\\Pipeline->{closure:{closure:Illuminate\\Pipeline\\Pipeline::carry():194}:195}(Object(Illuminate\\Http\\Request))
#64 /Users/agnojf/Documents/alson-workspace/projects/lead-lab/application/source/vendor/laravel/framework/src/Illuminate/Foundation/Http/Kernel.php(175): Illuminate\\Pipeline\\Pipeline->then(Object(Closure))
#65 /Users/agnojf/Documents/alson-workspace/projects/lead-lab/application/source/vendor/laravel/framework/src/Illuminate/Foundation/Http/Kernel.php(144): Illuminate\\Foundation\\Http\\Kernel->sendRequestThroughRouter(Object(Illuminate\\Http\\Request))
#66 /Users/agnojf/Documents/alson-workspace/projects/lead-lab/application/source/vendor/laravel/framework/src/Illuminate/Foundation/Application.php(1227): Illuminate\\Foundation\\Http\\Kernel->handle(Object(Illuminate\\Http\\Request))
#67 /Users/agnojf/Documents/alson-workspace/projects/lead-lab/application/source/public/index.php(20): Illuminate\\Foundation\\Application->handleRequest(Object(Illuminate\\Http\\Request))
#68 /Users/agnojf/Documents/alson-workspace/projects/lead-lab/application/source/vendor/laravel/framework/src/Illuminate/Foundation/resources/server.php(23): require_once('/Users/agnojf/D...')
#69 {main}

[previous exception] [object] (PDOException(code: HY000): SQLSTATE[HY000]: General error: 1 no such table: session_questions at /Users/agnojf/Documents/alson-workspace/projects/lead-lab/application/source/vendor/laravel/framework/src/Illuminate/Database/Connection.php:435)
[stacktrace]
#0 /Users/agnojf/Documents/alson-workspace/projects/lead-lab/application/source/vendor/laravel/framework/src/Illuminate/Database/Connection.php(435): PDO->prepare('select * from \"...')
#1 /Users/agnojf/Documents/alson-workspace/projects/lead-lab/application/source/vendor/laravel/framework/src/Illuminate/Database/Connection.php(846): Illuminate\\Database\\Connection->{closure:Illuminate\\Database\\Connection::select():426}('select * from \"...', Array)
#2 /Users/agnojf/Documents/alson-workspace/projects/lead-lab/application/source/vendor/laravel/framework/src/Illuminate/Database/Connection.php(813): Illuminate\\Database\\Connection->runQueryCallback('select * from \"...', Array, Object(Closure))
#3 /Users/agnojf/Documents/alson-workspace/projects/lead-lab/application/source/vendor/laravel/framework/src/Illuminate/Database/Connection.php(426): Illuminate\\Database\\Connection->run('select * from \"...', Array, Object(Closure))
#4 /Users/agnojf/Documents/alson-workspace/projects/lead-lab/application/source/vendor/laravel/framework/src/Illuminate/Database/Query/Builder.php(3573): Illuminate\\Database\\Connection->select('select * from \"...', Array, true, Array)
#5 /Users/agnojf/Documents/alson-workspace/projects/lead-lab/application/source/vendor/laravel/framework/src/Illuminate/Database/Query/Builder.php(3557): Illuminate\\Database\\Query\\Builder->runSelect()
#6 /Users/agnojf/Documents/alson-workspace/projects/lead-lab/application/source/vendor/laravel/framework/src/Illuminate/Database/Eloquent/Builder.php(908): Illuminate\\Database\\Query\\Builder->get(Array)
#7 /Users/agnojf/Documents/alson-workspace/projects/lead-lab/application/source/vendor/laravel/framework/src/Illuminate/Database/Eloquent/Builder.php(890): Illuminate\\Database\\Eloquent\\Builder->getModels(Array)
#8 /Users/agnojf/Documents/alson-workspace/projects/lead-lab/application/source/vendor/laravel/framework/src/Illuminate/Database/Eloquent/Relations/Relation.php(285): Illuminate\\Database\\Eloquent\\Builder->get(Array)
#9 /Users/agnojf/Documents/alson-workspace/projects/lead-lab/application/source/app/Http/Controllers/LearningSessionController.php(85): Illuminate\\Database\\Eloquent\\Relations\\Relation->get()
#10 /Users/agnojf/Documents/alson-workspace/projects/lead-lab/application/source/vendor/laravel/framework/src/Illuminate/Routing/ControllerDispatcher.php(46): App\\Http\\Controllers\\LearningSessionController->show(Object(Illuminate\\Http\\Request), Object(App\\Models\\LearningSession))
#11 /Users/agnojf/Documents/alson-workspace/projects/lead-lab/application/source/vendor/laravel/framework/src/Illuminate/Routing/Route.php(276): Illuminate\\Routing\\ControllerDispatcher->dispatch(Object(Illuminate\\Routing\\Route), Object(App\\Http\\Controllers\\LearningSessionController), 'show')
#12 /Users/agnojf/Documents/alson-workspace/projects/lead-lab/application/source/vendor/laravel/framework/src/Illuminate/Routing/Route.php(216): Illuminate\\Routing\\Route->runController()
#13 /Users/agnojf/Documents/alson-workspace/projects/lead-lab/application/source/vendor/laravel/framework/src/Illuminate/Routing/Router.php(822): Illuminate\\Routing\\Route->run()
#14 /Users/agnojf/Documents/alson-workspace/projects/lead-lab/application/source/vendor/laravel/framework/src/Illuminate/Pipeline/Pipeline.php(180): Illuminate\\Routing\\Router->{closure:Illuminate\\Routing\\Router::runRouteWithinStack():821}(Object(Illuminate\\Http\\Request))
#15 /Users/agnojf/Documents/alson-workspace/projects/lead-lab/application/source/app/Http/Middleware/EnsureActiveUser.php(28): Illuminate\\Pipeline\\Pipeline->{closure:Illuminate\\Pipeline\\Pipeline::prepareDestination():178}(Object(Illuminate\\Http\\Request))
#16 /Users/agnojf/Documents/alson-workspace/projects/lead-lab/application/source/vendor/laravel/framework/src/Illuminate/Pipeline/Pipeline.php(219): App\\Http\\Middleware\\EnsureActiveUser->handle(Object(Illuminate\\Http\\Request), Object(Closure))
#17 /Users/agnojf/Documents/alson-workspace/projects/lead-lab/application/source/vendor/laravel/framework/src/Illuminate/Http/Middleware/AddLinkHeadersForPreloadedAssets.php(32): Illuminate\\Pipeline\\Pipeline->{closure:{closure:Illuminate\\Pipeline\\Pipeline::carry():194}:195}(Object(Illuminate\\Http\\Request))
#18 /Users/agnojf/Documents/alson-workspace/projects/lead-lab/application/source/vendor/laravel/framework/src/Illuminate/Pipeline/Pipeline.php(219): Illuminate\\Http\\Middleware\\AddLinkHeadersForPreloadedAssets->handle(Object(Illuminate\\Http\\Request), Object(Closure))
#19 /Users/agnojf/Documents/alson-workspace/projects/lead-lab/application/source/vendor/inertiajs/inertia-laravel/src/Middleware.php(147): Illuminate\\Pipeline\\Pipeline->{closure:{closure:Illuminate\\Pipeline\\Pipeline::carry():194}:195}(Object(Illuminate\\Http\\Request))
#20 /Users/agnojf/Documents/alson-workspace/projects/lead-lab/application/source/vendor/laravel/framework/src/Illuminate/Pipeline/Pipeline.php(219): Inertia\\Middleware->handle(Object(Illuminate\\Http\\Request), Object(Closure))
#21 /Users/agnojf/Documents/alson-workspace/projects/lead-lab/application/source/app/Http/Middleware/HandleAppearance.php(21): Illuminate\\Pipeline\\Pipeline->{closure:{closure:Illuminate\\Pipeline\\Pipeline::carry():194}:195}(Object(Illuminate\\Http\\Request))
#22 /Users/agnojf/Documents/alson-workspace/projects/lead-lab/application/source/vendor/laravel/framework/src/Illuminate/Pipeline/Pipeline.php(219): App\\Http\\Middleware\\HandleAppearance->handle(Object(Illuminate\\Http\\Request), Object(Closure))
#23 /Users/agnojf/Documents/alson-workspace/projects/lead-lab/application/source/vendor/laravel/framework/src/Illuminate/Routing/Middleware/SubstituteBindings.php(52): Illuminate\\Pipeline\\Pipeline->{closure:{closure:Illuminate\\Pipeline\\Pipeline::carry():194}:195}(Object(Illuminate\\Http\\Request))
#24 /Users/agnojf/Documents/alson-workspace/projects/lead-lab/application/source/vendor/laravel/framework/src/Illuminate/Pipeline/Pipeline.php(219): Illuminate\\Routing\\Middleware\\SubstituteBindings->handle(Object(Illuminate\\Http\\Request), Object(Closure))
#25 /Users/agnojf/Documents/alson-workspace/projects/lead-lab/application/source/vendor/laravel/framework/src/Illuminate/Auth/Middleware/Authenticate.php(63): Illuminate\\Pipeline\\Pipeline->{closure:{closure:Illuminate\\Pipeline\\Pipeline::carry():194}:195}(Object(Illuminate\\Http\\Request))
#26 /Users/agnojf/Documents/alson-workspace/projects/lead-lab/application/source/vendor/laravel/framework/src/Illuminate/Pipeline/Pipeline.php(219): Illuminate\\Auth\\Middleware\\Authenticate->handle(Object(Illuminate\\Http\\Request), Object(Closure))
#27 /Users/agnojf/Documents/alson-workspace/projects/lead-lab/application/source/vendor/laravel/framework/src/Illuminate/Foundation/Http/Middleware/PreventRequestForgery.php(104): Illuminate\\Pipeline\\Pipeline->{closure:{closure:Illuminate\\Pipeline\\Pipeline::carry():194}:195}(Object(Illuminate\\Http\\Request))
#28 /Users/agnojf/Documents/alson-workspace/projects/lead-lab/application/source/vendor/laravel/framework/src/Illuminate/Pipeline/Pipeline.php(219): Illuminate\\Foundation\\Http\\Middleware\\PreventRequestForgery->handle(Object(Illuminate\\Http\\Request), Object(Closure))
#29 /Users/agnojf/Documents/alson-workspace/projects/lead-lab/application/source/vendor/laravel/framework/src/Illuminate/View/Middleware/ShareErrorsFromSession.php(48): Illuminate\\Pipeline\\Pipeline->{closure:{closure:Illuminate\\Pipeline\\Pipeline::carry():194}:195}(Object(Illuminate\\Http\\Request))
#30 /Users/agnojf/Documents/alson-workspace/projects/lead-lab/application/source/vendor/laravel/framework/src/Illuminate/Pipeline/Pipeline.php(219): Illuminate\\View\\Middleware\\ShareErrorsFromSession->handle(Object(Illuminate\\Http\\Request), Object(Closure))
#31 /Users/agnojf/Documents/alson-workspace/projects/lead-lab/application/source/vendor/laravel/framework/src/Illuminate/Session/Middleware/StartSession.php(120): Illuminate\\Pipeline\\Pipeline->{closure:{closure:Illuminate\\Pipeline\\Pipeline::carry():194}:195}(Object(Illuminate\\Http\\Request))
#32 /Users/agnojf/Documents/alson-workspace/projects/lead-lab/application/source/vendor/laravel/framework/src/Illuminate/Session/Middleware/StartSession.php(63): Illuminate\\Session\\Middleware\\StartSession->handleStatefulRequest(Object(Illuminate\\Http\\Request), Object(Illuminate\\Session\\Store), Object(Closure))
#33 /Users/agnojf/Documents/alson-workspace/projects/lead-lab/application/source/vendor/laravel/framework/src/Illuminate/Pipeline/Pipeline.php(219): Illuminate\\Session\\Middleware\\StartSession->handle(Object(Illuminate\\Http\\Request), Object(Closure))
#34 /Users/agnojf/Documents/alson-workspace/projects/lead-lab/application/source/vendor/laravel/framework/src/Illuminate/Cookie/Middleware/AddQueuedCookiesToResponse.php(36): Illuminate\\Pipeline\\Pipeline->{closure:{closure:Illuminate\\Pipeline\\Pipeline::carry():194}:195}(Object(Illuminate\\Http\\Request))
#35 /Users/agnojf/Documents/alson-workspace/projects/lead-lab/application/source/vendor/laravel/framework/src/Illuminate/Pipeline/Pipeline.php(219): Illuminate\\Cookie\\Middleware\\AddQueuedCookiesToResponse->handle(Object(Illuminate\\Http\\Request), Object(Closure))
#36 /Users/agnojf/Documents/alson-workspace/projects/lead-lab/application/source/vendor/laravel/framework/src/Illuminate/Cookie/Middleware/EncryptCookies.php(74): Illuminate\\Pipeline\\Pipeline->{closure:{closure:Illuminate\\Pipeline\\Pipeline::carry():194}:195}(Object(Illuminate\\Http\\Request))
#37 /Users/agnojf/Documents/alson-workspace/projects/lead-lab/application/source/vendor/laravel/framework/src/Illuminate/Pipeline/Pipeline.php(219): Illuminate\\Cookie\\Middleware\\EncryptCookies->handle(Object(Illuminate\\Http\\Request), Object(Closure))
#38 /Users/agnojf/Documents/alson-workspace/projects/lead-lab/application/source/vendor/laravel/framework/src/Illuminate/Pipeline/Pipeline.php(137): Illuminate\\Pipeline\\Pipeline->{closure:{closure:Illuminate\\Pipeline\\Pipeline::carry():194}:195}(Object(Illuminate\\Http\\Request))
#39 /Users/agnojf/Documents/alson-workspace/projects/lead-lab/application/source/vendor/laravel/framework/src/Illuminate/Routing/Router.php(821): Illuminate\\Pipeline\\Pipeline->then(Object(Closure))
#40 /Users/agnojf/Documents/alson-workspace/projects/lead-lab/application/source/vendor/laravel/framework/src/Illuminate/Routing/Router.php(800): Illuminate\\Routing\\Router->runRouteWithinStack(Object(Illuminate\\Routing\\Route), Object(Illuminate\\Http\\Request))
#41 /Users/agnojf/Documents/alson-workspace/projects/lead-lab/application/source/vendor/laravel/framework/src/Illuminate/Routing/Router.php(764): Illuminate\\Routing\\Router->runRoute(Object(Illuminate\\Http\\Request), Object(Illuminate\\Routing\\Route))
#42 /Users/agnojf/Documents/alson-workspace/projects/lead-lab/application/source/vendor/laravel/framework/src/Illuminate/Routing/Router.php(753): Illuminate\\Routing\\Router->dispatchToRoute(Object(Illuminate\\Http\\Request))
#43 /Users/agnojf/Documents/alson-workspace/projects/lead-lab/application/source/vendor/laravel/framework/src/Illuminate/Foundation/Http/Kernel.php(200): Illuminate\\Routing\\Router->dispatch(Object(Illuminate\\Http\\Request))
#44 /Users/agnojf/Documents/alson-workspace/projects/lead-lab/application/source/vendor/laravel/framework/src/Illuminate/Pipeline/Pipeline.php(180): Illuminate\\Foundation\\Http\\Kernel->{closure:Illuminate\\Foundation\\Http\\Kernel::dispatchToRouter():197}(Object(Illuminate\\Http\\Request))
#45 /Users/agnojf/Documents/alson-workspace/projects/lead-lab/application/source/vendor/inertiajs/inertia-laravel/src/Middleware/EnsureGetOnRedirect.php(19): Illuminate\\Pipeline\\Pipeline->{closure:Illuminate\\Pipeline\\Pipeline::prepareDestination():178}(Object(Illuminate\\Http\\Request))
#46 /Users/agnojf/Documents/alson-workspace/projects/lead-lab/application/source/vendor/laravel/framework/src/Illuminate/Pipeline/Pipeline.php(219): Inertia\\Middleware\\EnsureGetOnRedirect->handle(Object(Illuminate\\Http\\Request), Object(Closure))
#47 /Users/agnojf/Documents/alson-workspace/projects/lead-lab/application/source/vendor/laravel/framework/src/Illuminate/Foundation/Http/Middleware/TransformsRequest.php(21): Illuminate\\Pipeline\\Pipeline->{closure:{closure:Illuminate\\Pipeline\\Pipeline::carry():194}:195}(Object(Illuminate\\Http\\Request))
#48 /Users/agnojf/Documents/alson-workspace/projects/lead-lab/application/source/vendor/laravel/framework/src/Illuminate/Foundation/Http/Middleware/ConvertEmptyStringsToNull.php(31): Illuminate\\Foundation\\Http\\Middleware\\TransformsRequest->handle(Object(Illuminate\\Http\\Request), Object(Closure))
#49 /Users/agnojf/Documents/alson-workspace/projects/lead-lab/application/source/vendor/laravel/framework/src/Illuminate/Pipeline/Pipeline.php(219): Illuminate\\Foundation\\Http\\Middleware\\ConvertEmptyStringsToNull->handle(Object(Illuminate\\Http\\Request), Object(Closure))
#50 /Users/agnojf/Documents/alson-workspace/projects/lead-lab/application/source/vendor/laravel/framework/src/Illuminate/Foundation/Http/Middleware/TransformsRequest.php(21): Illuminate\\Pipeline\\Pipeline->{closure:{closure:Illuminate\\Pipeline\\Pipeline::carry():194}:195}(Object(Illuminate\\Http\\Request))
#51 /Users/agnojf/Documents/alson-workspace/projects/lead-lab/application/source/vendor/laravel/framework/src/Illuminate/Foundation/Http/Middleware/TrimStrings.php(51): Illuminate\\Foundation\\Http\\Middleware\\TransformsRequest->handle(Object(Illuminate\\Http\\Request), Object(Closure))
#52 /Users/agnojf/Documents/alson-workspace/projects/lead-lab/application/source/vendor/laravel/framework/src/Illuminate/Pipeline/Pipeline.php(219): Illuminate\\Foundation\\Http\\Middleware\\TrimStrings->handle(Object(Illuminate\\Http\\Request), Object(Closure))
#53 /Users/agnojf/Documents/alson-workspace/projects/lead-lab/application/source/vendor/laravel/framework/src/Illuminate/Http/Middleware/ValidatePostSize.php(27): Illuminate\\Pipeline\\Pipeline->{closure:{closure:Illuminate\\Pipeline\\Pipeline::carry():194}:195}(Object(Illuminate\\Http\\Request))
#54 /Users/agnojf/Documents/alson-workspace/projects/lead-lab/application/source/vendor/laravel/framework/src/Illuminate/Pipeline/Pipeline.php(219): Illuminate\\Http\\Middleware\\ValidatePostSize->handle(Object(Illuminate\\Http\\Request), Object(Closure))
#55 /Users/agnojf/Documents/alson-workspace/projects/lead-lab/application/source/vendor/laravel/framework/src/Illuminate/Foundation/Http/Middleware/PreventRequestsDuringMaintenance.php(110): Illuminate\\Pipeline\\Pipeline->{closure:{closure:Illuminate\\Pipeline\\Pipeline::carry():194}:195}(Object(Illuminate\\Http\\Request))
#56 /Users/agnojf/Documents/alson-workspace/projects/lead-lab/application/source/vendor/laravel/framework/src/Illuminate/Pipeline/Pipeline.php(219): Illuminate\\Foundation\\Http\\Middleware\\PreventRequestsDuringMaintenance->handle(Object(Illuminate\\Http\\Request), Object(Closure))
#57 /Users/agnojf/Documents/alson-workspace/projects/lead-lab/application/source/vendor/laravel/framework/src/Illuminate/Http/Middleware/HandleCors.php(61): Illuminate\\Pipeline\\Pipeline->{closure:{closure:Illuminate\\Pipeline\\Pipeline::carry():194}:195}(Object(Illuminate\\Http\\Request))
#58 /Users/agnojf/Documents/alson-workspace/projects/lead-lab/application/source/vendor/laravel/framework/src/Illuminate/Pipeline/Pipeline.php(219): Illuminate\\Http\\Middleware\\HandleCors->handle(Object(Illuminate\\Http\\Request), Object(Closure))
#59 /Users/agnojf/Documents/alson-workspace/projects/lead-lab/application/source/vendor/laravel/framework/src/Illuminate/Http/Middleware/TrustProxies.php(58): Illuminate\\Pipeline\\Pipeline->{closure:{closure:Illuminate\\Pipeline\\Pipeline::carry():194}:195}(Object(Illuminate\\Http\\Request))
#60 /Users/agnojf/Documents/alson-workspace/projects/lead-lab/application/source/vendor/laravel/framework/src/Illuminate/Pipeline/Pipeline.php(219): Illuminate\\Http\\Middleware\\TrustProxies->handle(Object(Illuminate\\Http\\Request), Object(Closure))
#61 /Users/agnojf/Documents/alson-workspace/projects/lead-lab/application/source/vendor/laravel/framework/src/Illuminate/Foundation/Http/Middleware/InvokeDeferredCallbacks.php(22): Illuminate\\Pipeline\\Pipeline->{closure:{closure:Illuminate\\Pipeline\\Pipeline::carry():194}:195}(Object(Illuminate\\Http\\Request))
#62 /Users/agnojf/Documents/alson-workspace/projects/lead-lab/application/source/vendor/laravel/framework/src/Illuminate/Pipeline/Pipeline.php(219): Illuminate\\Foundation\\Http\\Middleware\\InvokeDeferredCallbacks->handle(Object(Illuminate\\Http\\Request), Object(Closure))
#63 /Users/agnojf/Documents/alson-workspace/projects/lead-lab/application/source/vendor/laravel/framework/src/Illuminate/Http/Middleware/ValidatePathEncoding.php(28): Illuminate\\Pipeline\\Pipeline->{closure:{closure:Illuminate\\Pipeline\\Pipeline::carry():194}:195}(Object(Illuminate\\Http\\Request))
#64 /Users/agnojf/Documents/alson-workspace/projects/lead-lab/application/source/vendor/laravel/framework/src/Illuminate/Pipeline/Pipeline.php(219): Illuminate\\Http\\Middleware\\ValidatePathEncoding->handle(Object(Illuminate\\Http\\Request), Object(Closure))
#65 /Users/agnojf/Documents/alson-workspace/projects/lead-lab/application/source/vendor/laravel/framework/src/Illuminate/Pipeline/Pipeline.php(137): Illuminate\\Pipeline\\Pipeline->{closure:{closure:Illuminate\\Pipeline\\Pipeline::carry():194}:195}(Object(Illuminate\\Http\\Request))
#66 /Users/agnojf/Documents/alson-workspace/projects/lead-lab/application/source/vendor/laravel/framework/src/Illuminate/Foundation/Http/Kernel.php(175): Illuminate\\Pipeline\\Pipeline->then(Object(Closure))
#67 /Users/agnojf/Documents/alson-workspace/projects/lead-lab/application/source/vendor/laravel/framework/src/Illuminate/Foundation/Http/Kernel.php(144): Illuminate\\Foundation\\Http\\Kernel->sendRequestThroughRouter(Object(Illuminate\\Http\\Request))
#68 /Users/agnojf/Documents/alson-workspace/projects/lead-lab/application/source/vendor/laravel/framework/src/Illuminate/Foundation/Application.php(1227): Illuminate\\Foundation\\Http\\Kernel->handle(Object(Illuminate\\Http\\Request))
#69 /Users/agnojf/Documents/alson-workspace/projects/lead-lab/application/source/public/index.php(20): Illuminate\\Foundation\\Application->handleRequest(Object(Illuminate\\Http\\Request))
#70 /Users/agnojf/Documents/alson-workspace/projects/lead-lab/application/source/vendor/laravel/framework/src/Illuminate/Foundation/resources/server.php(23): require_once('/Users/agnojf/D...')
#71 {main}
"} 
[2026-08-24 03:13:00] local.ERROR: mkdir(): File exists {"exception":"[object] (ErrorException(code: 0): mkdir(): File exists at /Users/agnojf/Documents/alson-workspace/projects/lead-lab/application/source/vendor/laravel/framework/src/Illuminate/Filesystem/Filesystem.php:662)
[stacktrace]
#0 /Users/agnojf/Documents/alson-workspace/projects/lead-lab/application/source/vendor/laravel/framework/src/Illuminate/Foundation/Bootstrap/HandleExceptions.php(263): Illuminate\\Foundation\\Bootstrap\\HandleExceptions->handleError(2, 'mkdir(): File e...', '/Users/agnojf/D...', 662)
#1 [internal function]: Illuminate\\Foundation\\Bootstrap\\HandleExceptions->{closure:Illuminate\\Foundation\\Bootstrap\\HandleExceptions::forwardsTo():262}(2, 'mkdir(): File e...', '/Users/agnojf/D...', 662)
#2 /Users/agnojf/Documents/alson-workspace/projects/lead-lab/application/source/vendor/laravel/framework/src/Illuminate/Filesystem/Filesystem.php(662): mkdir('/Users/agnojf/D...', 493, true)
#3 /Users/agnojf/Documents/alson-workspace/projects/lead-lab/application/source/vendor/laravel/framework/src/Illuminate/Filesystem/Filesystem.php(643): Illuminate\\Filesystem\\Filesystem->makeDirectory('/Users/agnojf/D...', 493, true)
#4 /Users/agnojf/Documents/alson-workspace/projects/lead-lab/application/source/vendor/laravel/wayfinder/src/GenerateCommand.php(140): Illuminate\\Filesystem\\Filesystem->ensureDirectoryExists('/Users/agnojf/D...')
#5 /Users/agnojf/Documents/alson-workspace/projects/lead-lab/application/source/vendor/laravel/wayfinder/src/GenerateCommand.php(95): Laravel\\Wayfinder\\GenerateCommand->writeContent()
#6 /Users/agnojf/Documents/alson-workspace/projects/lead-lab/application/source/vendor/laravel/framework/src/Illuminate/Container/BoundMethod.php(36): Laravel\\Wayfinder\\GenerateCommand->handle()
#7 /Users/agnojf/Documents/alson-workspace/projects/lead-lab/application/source/vendor/laravel/framework/src/Illuminate/Container/Util.php(43): Illuminate\\Container\\BoundMethod::{closure:Illuminate\\Container\\BoundMethod::call():35}()
#8 /Users/agnojf/Documents/alson-workspace/projects/lead-lab/application/source/vendor/laravel/framework/src/Illuminate/Container/BoundMethod.php(96): Illuminate\\Container\\Util::unwrapIfClosure(Object(Closure))
#9 /Users/agnojf/Documents/alson-workspace/projects/lead-lab/application/source/vendor/laravel/framework/src/Illuminate/Container/BoundMethod.php(35): Illuminate\\Container\\BoundMethod::callBoundMethod(Object(Illuminate\\Foundation\\Application), Array, Object(Closure))
#10 /Users/agnojf/Documents/alson-workspace/projects/lead-lab/application/source/vendor/laravel/framework/src/Illuminate/Container/Container.php(801): Illuminate\\Container\\BoundMethod::call(Object(Illuminate\\Foundation\\Application), Array, Array, NULL)
#11 /Users/agnojf/Documents/alson-workspace/projects/lead-lab/application/source/vendor/laravel/framework/src/Illuminate/Console/Command.php(292): Illuminate\\Container\\Container->call(Array)
#12 /Users/agnojf/Documents/alson-workspace/projects/lead-lab/application/source/vendor/symfony/console/Command/Command.php(284): Illuminate\\Console\\Command->execute(Object(Symfony\\Component\\Console\\Input\\ArgvInput), Object(Laravel\\Pao\\Laravel\\PaoOutputStyle))
#13 /Users/agnojf/Documents/alson-workspace/projects/lead-lab/application/source/vendor/laravel/framework/src/Illuminate/Console/Command.php(261): Symfony\\Component\\Console\\Command\\Command->run(Object(Symfony\\Component\\Console\\Input\\ArgvInput), Object(Laravel\\Pao\\Laravel\\PaoOutputStyle))
#14 /Users/agnojf/Documents/alson-workspace/projects/lead-lab/application/source/vendor/symfony/console/Application.php(1144): Illuminate\\Console\\Command->run(Object(Symfony\\Component\\Console\\Input\\ArgvInput), Object(Symfony\\Component\\Console\\Output\\ConsoleOutput))
#15 /Users/agnojf/Documents/alson-workspace/projects/lead-lab/application/source/vendor/symfony/console/Application.php(379): Symfony\\Component\\Console\\Application->doRunCommand(Object(Laravel\\Wayfinder\\GenerateCommand), Object(Symfony\\Component\\Console\\Input\\ArgvInput), Object(Symfony\\Component\\Console\\Output\\ConsoleOutput))
#16 /Users/agnojf/Documents/alson-workspace/projects/lead-lab/application/source/vendor/symfony/console/Application.php(218): Symfony\\Component\\Console\\Application->doRun(Object(Symfony\\Component\\Console\\Input\\ArgvInput), Object(Symfony\\Component\\Console\\Output\\ConsoleOutput))
#17 /Users/agnojf/Documents/alson-workspace/projects/lead-lab/application/source/vendor/laravel/framework/src/Illuminate/Foundation/Console/Kernel.php(198): Symfony\\Component\\Console\\Application->run(Object(Symfony\\Component\\Console\\Input\\ArgvInput), Object(Symfony\\Component\\Console\\Output\\ConsoleOutput))
#18 /Users/agnojf/Documents/alson-workspace/projects/lead-lab/application/source/vendor/laravel/framework/src/Illuminate/Foundation/Application.php(1242): Illuminate\\Foundation\\Console\\Kernel->handle(Object(Symfony\\Component\\Console\\Input\\ArgvInput), Object(Symfony\\Component\\Console\\Output\\ConsoleOutput))
#19 /Users/agnojf/Documents/alson-workspace/projects/lead-lab/application/source/artisan(16): Illuminate\\Foundation\\Application->handleCommand(Object(Symfony\\Component\\Console\\Input\\ArgvInput))
#20 {main}
"} 
[2026-08-24 03:15:43] local.ERROR: SQLSTATE[HY000]: General error: 1 no such table: session_questions (Connection: sqlite, Database: /Users/agnojf/Documents/alson-workspace/projects/lead-lab/application/source/database/database.sqlite, SQL: select * from "session_questions" where "session_questions"."learning_session_id" = 2 and "session_questions"."learning_session_id" is not null order by "created_at" desc) {"userId":1,"exception":"[object] (Illuminate\\Database\\QueryException(code: HY000): SQLSTATE[HY000]: General error: 1 no such table: session_questions (Connection: sqlite, Database: /Users/agnojf/Documents/alson-workspace/projects/lead-lab/application/source/database/database.sqlite, SQL: select * from \"session_questions\" where \"session_questions\".\"learning_session_id\" = 2 and \"session_questions\".\"learning_session_id\" is not null order by \"created_at\" desc) at /Users/agnojf/Documents/alson-workspace/projects/lead-lab/application/source/vendor/laravel/framework/src/Illuminate/Database/Connection.php:857)
[stacktrace]
#0 /Users/agnojf/Documents/alson-workspace/projects/lead-lab/application/source/vendor/laravel/framework/src/Illuminate/Database/Connection.php(813): Illuminate\\Database\\Connection->runQueryCallback('select * from \"...', Array, Object(Closure))
#1 /Users/agnojf/Documents/alson-workspace/projects/lead-lab/application/source/vendor/laravel/framework/src/Illuminate/Database/Connection.php(426): Illuminate\\Database\\Connection->run('select * from \"...', Array, Object(Closure))
#2 /Users/agnojf/Documents/alson-workspace/projects/lead-lab/application/source/vendor/laravel/framework/src/Illuminate/Database/Query/Builder.php(3573): Illuminate\\Database\\Connection->select('select * from \"...', Array, true, Array)
#3 /Users/agnojf/Documents/alson-workspace/projects/lead-lab/application/source/vendor/laravel/framework/src/Illuminate/Database/Query/Builder.php(3557): Illuminate\\Database\\Query\\Builder->runSelect()
#4 /Users/agnojf/Documents/alson-workspace/projects/lead-lab/application/source/vendor/laravel/framework/src/Illuminate/Database/Eloquent/Builder.php(908): Illuminate\\Database\\Query\\Builder->get(Array)
#5 /Users/agnojf/Documents/alson-workspace/projects/lead-lab/application/source/vendor/laravel/framework/src/Illuminate/Database/Eloquent/Builder.php(890): Illuminate\\Database\\Eloquent\\Builder->getModels(Array)
#6 /Users/agnojf/Documents/alson-workspace/projects/lead-lab/application/source/vendor/laravel/framework/src/Illuminate/Database/Eloquent/Relations/Relation.php(285): Illuminate\\Database\\Eloquent\\Builder->get(Array)
#7 /Users/agnojf/Documents/alson-workspace/projects/lead-lab/application/source/app/Http/Controllers/LearningSessionController.php(85): Illuminate\\Database\\Eloquent\\Relations\\Relation->get()
#8 /Users/agnojf/Documents/alson-workspace/projects/lead-lab/application/source/vendor/laravel/framework/src/Illuminate/Routing/ControllerDispatcher.php(46): App\\Http\\Controllers\\LearningSessionController->show(Object(Illuminate\\Http\\Request), Object(App\\Models\\LearningSession))
#9 /Users/agnojf/Documents/alson-workspace/projects/lead-lab/application/source/vendor/laravel/framework/src/Illuminate/Routing/Route.php(276): Illuminate\\Routing\\ControllerDispatcher->dispatch(Object(Illuminate\\Routing\\Route), Object(App\\Http\\Controllers\\LearningSessionController), 'show')
#10 /Users/agnojf/Documents/alson-workspace/projects/lead-lab/application/source/vendor/laravel/framework/src/Illuminate/Routing/Route.php(216): Illuminate\\Routing\\Route->runController()
#11 /Users/agnojf/Documents/alson-workspace/projects/lead-lab/application/source/vendor/laravel/framework/src/Illuminate/Routing/Router.php(822): Illuminate\\Routing\\Route->run()
#12 /Users/agnojf/Documents/alson-workspace/projects/lead-lab/application/source/vendor/laravel/framework/src/Illuminate/Pipeline/Pipeline.php(180): Illuminate\\Routing\\Router->{closure:Illuminate\\Routing\\Router::runRouteWithinStack():821}(Object(Illuminate\\Http\\Request))
#13 /Users/agnojf/Documents/alson-workspace/projects/lead-lab/application/source/app/Http/Middleware/EnsureActiveUser.php(28): Illuminate\\Pipeline\\Pipeline->{closure:Illuminate\\Pipeline\\Pipeline::prepareDestination():178}(Object(Illuminate\\Http\\Request))
#14 /Users/agnojf/Documents/alson-workspace/projects/lead-lab/application/source/vendor/laravel/framework/src/Illuminate/Pipeline/Pipeline.php(219): App\\Http\\Middleware\\EnsureActiveUser->handle(Object(Illuminate\\Http\\Request), Object(Closure))
#15 /Users/agnojf/Documents/alson-workspace/projects/lead-lab/application/source/vendor/laravel/framework/src/Illuminate/Http/Middleware/AddLinkHeadersForPreloadedAssets.php(32): Illuminate\\Pipeline\\Pipeline->{closure:{closure:Illuminate\\Pipeline\\Pipeline::carry():194}:195}(Object(Illuminate\\Http\\Request))
#16 /Users/agnojf/Documents/alson-workspace/projects/lead-lab/application/source/vendor/laravel/framework/src/Illuminate/Pipeline/Pipeline.php(219): Illuminate\\Http\\Middleware\\AddLinkHeadersForPreloadedAssets->handle(Object(Illuminate\\Http\\Request), Object(Closure))
#17 /Users/agnojf/Documents/alson-workspace/projects/lead-lab/application/source/vendor/inertiajs/inertia-laravel/src/Middleware.php(147): Illuminate\\Pipeline\\Pipeline->{closure:{closure:Illuminate\\Pipeline\\Pipeline::carry():194}:195}(Object(Illuminate\\Http\\Request))
#18 /Users/agnojf/Documents/alson-workspace/projects/lead-lab/application/source/vendor/laravel/framework/src/Illuminate/Pipeline/Pipeline.php(219): Inertia\\Middleware->handle(Object(Illuminate\\Http\\Request), Object(Closure))
#19 /Users/agnojf/Documents/alson-workspace/projects/lead-lab/application/source/app/Http/Middleware/HandleAppearance.php(21): Illuminate\\Pipeline\\Pipeline->{closure:{closure:Illuminate\\Pipeline\\Pipeline::carry():194}:195}(Object(Illuminate\\Http\\Request))
#20 /Users/agnojf/Documents/alson-workspace/projects/lead-lab/application/source/vendor/laravel/framework/src/Illuminate/Pipeline/Pipeline.php(219): App\\Http\\Middleware\\HandleAppearance->handle(Object(Illuminate\\Http\\Request), Object(Closure))
#21 /Users/agnojf/Documents/alson-workspace/projects/lead-lab/application/source/vendor/laravel/framework/src/Illuminate/Routing/Middleware/SubstituteBindings.php(52): Illuminate\\Pipeline\\Pipeline->{closure:{closure:Illuminate\\Pipeline\\Pipeline::carry():194}:195}(Object(Illuminate\\Http\\Request))
#22 /Users/agnojf/Documents/alson-workspace/projects/lead-lab/application/source/vendor/laravel/framework/src/Illuminate/Pipeline/Pipeline.php(219): Illuminate\\Routing\\Middleware\\SubstituteBindings->handle(Object(Illuminate\\Http\\Request), Object(Closure))
#23 /Users/agnojf/Documents/alson-workspace/projects/lead-lab/application/source/vendor/laravel/framework/src/Illuminate/Auth/Middleware/Authenticate.php(63): Illuminate\\Pipeline\\Pipeline->{closure:{closure:Illuminate\\Pipeline\\Pipeline::carry():194}:195}(Object(Illuminate\\Http\\Request))
#24 /Users/agnojf/Documents/alson-workspace/projects/lead-lab/application/source/vendor/laravel/framework/src/Illuminate/Pipeline/Pipeline.php(219): Illuminate\\Auth\\Middleware\\Authenticate->handle(Object(Illuminate\\Http\\Request), Object(Closure))
#25 /Users/agnojf/Documents/alson-workspace/projects/lead-lab/application/source/vendor/laravel/framework/src/Illuminate/Foundation/Http/Middleware/PreventRequestForgery.php(104): Illuminate\\Pipeline\\Pipeline->{closure:{closure:Illuminate\\Pipeline\\Pipeline::carry():194}:195}(Object(Illuminate\\Http\\Request))
#26 /Users/agnojf/Documents/alson-workspace/projects/lead-lab/application/source/vendor/laravel/framework/src/Illuminate/Pipeline/Pipeline.php(219): Illuminate\\Foundation\\Http\\Middleware\\PreventRequestForgery->handle(Object(Illuminate\\Http\\Request), Object(Closure))
#27 /Users/agnojf/Documents/alson-workspace/projects/lead-lab/application/source/vendor/laravel/framework/src/Illuminate/View/Middleware/ShareErrorsFromSession.php(48): Illuminate\\Pipeline\\Pipeline->{closure:{closure:Illuminate\\Pipeline\\Pipeline::carry():194}:195}(Object(Illuminate\\Http\\Request))
#28 /Users/agnojf/Documents/alson-workspace/projects/lead-lab/application/source/vendor/laravel/framework/src/Illuminate/Pipeline/Pipeline.php(219): Illuminate\\View\\Middleware\\ShareErrorsFromSession->handle(Object(Illuminate\\Http\\Request), Object(Closure))
#29 /Users/agnojf/Documents/alson-workspace/projects/lead-lab/application/source/vendor/laravel/framework/src/Illuminate/Session/Middleware/StartSession.php(120): Illuminate\\Pipeline\\Pipeline->{closure:{closure:Illuminate\\Pipeline\\Pipeline::carry():194}:195}(Object(Illuminate\\Http\\Request))
#30 /Users/agnojf/Documents/alson-workspace/projects/lead-lab/application/source/vendor/laravel/framework/src/Illuminate/Session/Middleware/StartSession.php(63): Illuminate\\Session\\Middleware\\StartSession->handleStatefulRequest(Object(Illuminate\\Http\\Request), Object(Illuminate\\Session\\Store), Object(Closure))
#31 /Users/agnojf/Documents/alson-workspace/projects/lead-lab/application/source/vendor/laravel/framework/src/Illuminate/Pipeline/Pipeline.php(219): Illuminate\\Session\\Middleware\\StartSession->handle(Object(Illuminate\\Http\\Request), Object(Closure))
#32 /Users/agnojf/Documents/alson-workspace/projects/lead-lab/application/source/vendor/laravel/framework/src/Illuminate/Cookie/Middleware/AddQueuedCookiesToResponse.php(36): Illuminate\\Pipeline\\Pipeline->{closure:{closure:Illuminate\\Pipeline\\Pipeline::carry():194}:195}(Object(Illuminate\\Http\\Request))
#33 /Users/agnojf/Documents/alson-workspace/projects/lead-lab/application/source/vendor/laravel/framework/src/Illuminate/Pipeline/Pipeline.php(219): Illuminate\\Cookie\\Middleware\\AddQueuedCookiesToResponse->handle(Object(Illuminate\\Http\\Request), Object(Closure))
#34 /Users/agnojf/Documents/alson-workspace/projects/lead-lab/application/source/vendor/laravel/framework/src/Illuminate/Cookie/Middleware/EncryptCookies.php(74): Illuminate\\Pipeline\\Pipeline->{closure:{closure:Illuminate\\Pipeline\\Pipeline::carry():194}:195}(Object(Illuminate\\Http\\Request))
#35 /Users/agnojf/Documents/alson-workspace/projects/lead-lab/application/source/vendor/laravel/framework/src/Illuminate/Pipeline/Pipeline.php(219): Illuminate\\Cookie\\Middleware\\EncryptCookies->handle(Object(Illuminate\\Http\\Request), Object(Closure))
#36 /Users/agnojf/Documents/alson-workspace/projects/lead-lab/application/source/vendor/laravel/framework/src/Illuminate/Pipeline/Pipeline.php(137): Illuminate\\Pipeline\\Pipeline->{closure:{closure:Illuminate\\Pipeline\\Pipeline::carry():194}:195}(Object(Illuminate\\Http\\Request))
#37 /Users/agnojf/Documents/alson-workspace/projects/lead-lab/application/source/vendor/laravel/framework/src/Illuminate/Routing/Router.php(821): Illuminate\\Pipeline\\Pipeline->then(Object(Closure))
#38 /Users/agnojf/Documents/alson-workspace/projects/lead-lab/application/source/vendor/laravel/framework/src/Illuminate/Routing/Router.php(800): Illuminate\\Routing\\Router->runRouteWithinStack(Object(Illuminate\\Routing\\Route), Object(Illuminate\\Http\\Request))
#39 /Users/agnojf/Documents/alson-workspace/projects/lead-lab/application/source/vendor/laravel/framework/src/Illuminate/Routing/Router.php(764): Illuminate\\Routing\\Router->runRoute(Object(Illuminate\\Http\\Request), Object(Illuminate\\Routing\\Route))
#40 /Users/agnojf/Documents/alson-workspace/projects/lead-lab/application/source/vendor/laravel/framework/src/Illuminate/Routing/Router.php(753): Illuminate\\Routing\\Router->dispatchToRoute(Object(Illuminate\\Http\\Request))
#41 /Users/agnojf/Documents/alson-workspace/projects/lead-lab/application/source/vendor/laravel/framework/src/Illuminate/Foundation/Http/Kernel.php(200): Illuminate\\Routing\\Router->dispatch(Object(Illuminate\\Http\\Request))
#42 /Users/agnojf/Documents/alson-workspace/projects/lead-lab/application/source/vendor/laravel/framework/src/Illuminate/Pipeline/Pipeline.php(180): Illuminate\\Foundation\\Http\\Kernel->{closure:Illuminate\\Foundation\\Http\\Kernel::dispatchToRouter():197}(Object(Illuminate\\Http\\Request))
#43 /Users/agnojf/Documents/alson-workspace/projects/lead-lab/application/source/vendor/inertiajs/inertia-laravel/src/Middleware/EnsureGetOnRedirect.php(19): Illuminate\\Pipeline\\Pipeline->{closure:Illuminate\\Pipeline\\Pipeline::prepareDestination():178}(Object(Illuminate\\Http\\Request))
#44 /Users/agnojf/Documents/alson-workspace/projects/lead-lab/application/source/vendor/laravel/framework/src/Illuminate/Pipeline/Pipeline.php(219): Inertia\\Middleware\\EnsureGetOnRedirect->handle(Object(Illuminate\\Http\\Request), Object(Closure))
#45 /Users/agnojf/Documents/alson-workspace/projects/lead-lab/application/source/vendor/laravel/framework/src/Illuminate/Foundation/Http/Middleware/TransformsRequest.php(21): Illuminate\\Pipeline\\Pipeline->{closure:{closure:Illuminate\\Pipeline\\Pipeline::carry():194}:195}(Object(Illuminate\\Http\\Request))
#46 /Users/agnojf/Documents/alson-workspace/projects/lead-lab/application/source/vendor/laravel/framework/src/Illuminate/Foundation/Http/Middleware/ConvertEmptyStringsToNull.php(31): Illuminate\\Foundation\\Http\\Middleware\\TransformsRequest->handle(Object(Illuminate\\Http\\Request), Object(Closure))
#47 /Users/agnojf/Documents/alson-workspace/projects/lead-lab/application/source/vendor/laravel/framework/src/Illuminate/Pipeline/Pipeline.php(219): Illuminate\\Foundation\\Http\\Middleware\\ConvertEmptyStringsToNull->handle(Object(Illuminate\\Http\\Request), Object(Closure))
#48 /Users/agnojf/Documents/alson-workspace/projects/lead-lab/application/source/vendor/laravel/framework/src/Illuminate/Foundation/Http/Middleware/TransformsRequest.php(21): Illuminate\\Pipeline\\Pipeline->{closure:{closure:Illuminate\\Pipeline\\Pipeline::carry():194}:195}(Object(Illuminate\\Http\\Request))
#49 /Users/agnojf/Documents/alson-workspace/projects/lead-lab/application/source/vendor/laravel/framework/src/Illuminate/Foundation/Http/Middleware/TrimStrings.php(51): Illuminate\\Foundation\\Http\\Middleware\\TransformsRequest->handle(Object(Illuminate\\Http\\Request), Object(Closure))
#50 /Users/agnojf/Documents/alson-workspace/projects/lead-lab/application/source/vendor/laravel/framework/src/Illuminate/Pipeline/Pipeline.php(219): Illuminate\\Foundation\\Http\\Middleware\\TrimStrings->handle(Object(Illuminate\\Http\\Request), Object(Closure))
#51 /Users/agnojf/Documents/alson-workspace/projects/lead-lab/application/source/vendor/laravel/framework/src/Illuminate/Http/Middleware/ValidatePostSize.php(27): Illuminate\\Pipeline\\Pipeline->{closure:{closure:Illuminate\\Pipeline\\Pipeline::carry():194}:195}(Object(Illuminate\\Http\\Request))
#52 /Users/agnojf/Documents/alson-workspace/projects/lead-lab/application/source/vendor/laravel/framework/src/Illuminate/Pipeline/Pipeline.php(219): Illuminate\\Http\\Middleware\\ValidatePostSize->handle(Object(Illuminate\\Http\\Request), Object(Closure))
#53 /Users/agnojf/Documents/alson-workspace/projects/lead-lab/application/source/vendor/laravel/framework/src/Illuminate/Foundation/Http/Middleware/PreventRequestsDuringMaintenance.php(110): Illuminate\\Pipeline\\Pipeline->{closure:{closure:Illuminate\\Pipeline\\Pipeline::carry():194}:195}(Object(Illuminate\\Http\\Request))
#54 /Users/agnojf/Documents/alson-workspace/projects/lead-lab/application/source/vendor/laravel/framework/src/Illuminate/Pipeline/Pipeline.php(219): Illuminate\\Foundation\\Http\\Middleware\\PreventRequestsDuringMaintenance->handle(Object(Illuminate\\Http\\Request), Object(Closure))
#55 /Users/agnojf/Documents/alson-workspace/projects/lead-lab/application/source/vendor/laravel/framework/src/Illuminate/Http/Middleware/HandleCors.php(61): Illuminate\\Pipeline\\Pipeline->{closure:{closure:Illuminate\\Pipeline\\Pipeline::carry():194}:195}(Object(Illuminate\\Http\\Request))
#56 /Users/agnojf/Documents/alson-workspace/projects/lead-lab/application/source/vendor/laravel/framework/src/Illuminate/Pipeline/Pipeline.php(219): Illuminate\\Http\\Middleware\\HandleCors->handle(Object(Illuminate\\Http\\Request), Object(Closure))
#57 /Users/agnojf/Documents/alson-workspace/projects/lead-lab/application/source/vendor/laravel/framework/src/Illuminate/Http/Middleware/TrustProxies.php(58): Illuminate\\Pipeline\\Pipeline->{closure:{closure:Illuminate\\Pipeline\\Pipeline::carry():194}:195}(Object(Illuminate\\Http\\Request))
#58 /Users/agnojf/Documents/alson-workspace/projects/lead-lab/application/source/vendor/laravel/framework/src/Illuminate/Pipeline/Pipeline.php(219): Illuminate\\Http\\Middleware\\TrustProxies->handle(Object(Illuminate\\Http\\Request), Object(Closure))
#59 /Users/agnojf/Documents/alson-workspace/projects/lead-lab/application/source/vendor/laravel/framework/src/Illuminate/Foundation/Http/Middleware/InvokeDeferredCallbacks.php(22): Illuminate\\Pipeline\\Pipeline->{closure:{closure:Illuminate\\Pipeline\\Pipeline::carry():194}:195}(Object(Illuminate\\Http\\Request))
#60 /Users/agnojf/Documents/alson-workspace/projects/lead-lab/application/source/vendor/laravel/framework/src/Illuminate/Pipeline/Pipeline.php(219): Illuminate\\Foundation\\Http\\Middleware\\InvokeDeferredCallbacks->handle(Object(Illuminate\\Http\\Request), Object(Closure))
#61 /Users/agnojf/Documents/alson-workspace/projects/lead-lab/application/source/vendor/laravel/framework/src/Illuminate/Http/Middleware/ValidatePathEncoding.php(28): Illuminate\\Pipeline\\Pipeline->{closure:{closure:Illuminate\\Pipeline\\Pipeline::carry():194}:195}(Object(Illuminate\\Http\\Request))
#62 /Users/agnojf/Documents/alson-workspace/projects/lead-lab/application/source/vendor/laravel/framework/src/Illuminate/Pipeline/Pipeline.php(219): Illuminate\\Http\\Middleware\\ValidatePathEncoding->handle(Object(Illuminate\\Http\\Request), Object(Closure))
#63 /Users/agnojf/Documents/alson-workspace/projects/lead-lab/application/source/vendor/laravel/framework/src/Illuminate/Pipeline/Pipeline.php(137): Illuminate\\Pipeline\\Pipeline->{closure:{closure:Illuminate\\Pipeline\\Pipeline::carry():194}:195}(Object(Illuminate\\Http\\Request))
#64 /Users/agnojf/Documents/alson-workspace/projects/lead-lab/application/source/vendor/laravel/framework/src/Illuminate/Foundation/Http/Kernel.php(175): Illuminate\\Pipeline\\Pipeline->then(Object(Closure))
#65 /Users/agnojf/Documents/alson-workspace/projects/lead-lab/application/source/vendor/laravel/framework/src/Illuminate/Foundation/Http/Kernel.php(144): Illuminate\\Foundation\\Http\\Kernel->sendRequestThroughRouter(Object(Illuminate\\Http\\Request))
#66 /Users/agnojf/Documents/alson-workspace/projects/lead-lab/application/source/vendor/laravel/framework/src/Illuminate/Foundation/Application.php(1227): Illuminate\\Foundation\\Http\\Kernel->handle(Object(Illuminate\\Http\\Request))
#67 /Users/agnojf/Documents/alson-workspace/projects/lead-lab/application/source/public/index.php(20): Illuminate\\Foundation\\Application->handleRequest(Object(Illuminate\\Http\\Request))
#68 /Users/agnojf/Documents/alson-workspace/projects/lead-lab/application/source/vendor/laravel/framework/src/Illuminate/Foundation/resources/server.php(23): require_once('/Users/agnojf/D...')
#69 {main}

[previous exception] [object] (PDOException(code: HY000): SQLSTATE[HY000]: General error: 1 no such table: session_questions at /Users/agnojf/Documents/alson-workspace/projects/lead-lab/application/source/vendor/laravel/framework/src/Illuminate/Database/Connection.php:435)
[stacktrace]
#0 /Users/agnojf/Documents/alson-workspace/projects/lead-lab/application/source/vendor/laravel/framework/src/Illuminate/Database/Connection.php(435): PDO->prepare('select * from \"...')
#1 /Users/agnojf/Documents/alson-workspace/projects/lead-lab/application/source/vendor/laravel/framework/src/Illuminate/Database/Connection.php(846): Illuminate\\Database\\Connection->{closure:Illuminate\\Database\\Connection::select():426}('select * from \"...', Array)
#2 /Users/agnojf/Documents/alson-workspace/projects/lead-lab/application/source/vendor/laravel/framework/src/Illuminate/Database/Connection.php(813): Illuminate\\Database\\Connection->runQueryCallback('select * from \"...', Array, Object(Closure))
#3 /Users/agnojf/Documents/alson-workspace/projects/lead-lab/application/source/vendor/laravel/framework/src/Illuminate/Database/Connection.php(426): Illuminate\\Database\\Connection->run('select * from \"...', Array, Object(Closure))
#4 /Users/agnojf/Documents/alson-workspace/projects/lead-lab/application/source/vendor/laravel/framework/src/Illuminate/Database/Query/Builder.php(3573): Illuminate\\Database\\Connection->select('select * from \"...', Array, true, Array)
#5 /Users/agnojf/Documents/alson-workspace/projects/lead-lab/application/source/vendor/laravel/framework/src/Illuminate/Database/Query/Builder.php(3557): Illuminate\\Database\\Query\\Builder->runSelect()
#6 /Users/agnojf/Documents/alson-workspace/projects/lead-lab/application/source/vendor/laravel/framework/src/Illuminate/Database/Eloquent/Builder.php(908): Illuminate\\Database\\Query\\Builder->get(Array)
#7 /Users/agnojf/Documents/alson-workspace/projects/lead-lab/application/source/vendor/laravel/framework/src/Illuminate/Database/Eloquent/Builder.php(890): Illuminate\\Database\\Eloquent\\Builder->getModels(Array)
#8 /Users/agnojf/Documents/alson-workspace/projects/lead-lab/application/source/vendor/laravel/framework/src/Illuminate/Database/Eloquent/Relations/Relation.php(285): Illuminate\\Database\\Eloquent\\Builder->get(Array)
#9 /Users/agnojf/Documents/alson-workspace/projects/lead-lab/application/source/app/Http/Controllers/LearningSessionController.php(85): Illuminate\\Database\\Eloquent\\Relations\\Relation->get()
#10 /Users/agnojf/Documents/alson-workspace/projects/lead-lab/application/source/vendor/laravel/framework/src/Illuminate/Routing/ControllerDispatcher.php(46): App\\Http\\Controllers\\LearningSessionController->show(Object(Illuminate\\Http\\Request), Object(App\\Models\\LearningSession))
#11 /Users/agnojf/Documents/alson-workspace/projects/lead-lab/application/source/vendor/laravel/framework/src/Illuminate/Routing/Route.php(276): Illuminate\\Routing\\ControllerDispatcher->dispatch(Object(Illuminate\\Routing\\Route), Object(App\\Http\\Controllers\\LearningSessionController), 'show')
#12 /Users/agnojf/Documents/alson-workspace/projects/lead-lab/application/source/vendor/laravel/framework/src/Illuminate/Routing/Route.php(216): Illuminate\\Routing\\Route->runController()
#13 /Users/agnojf/Documents/alson-workspace/projects/lead-lab/application/source/vendor/laravel/framework/src/Illuminate/Routing/Router.php(822): Illuminate\\Routing\\Route->run()
#14 /Users/agnojf/Documents/alson-workspace/projects/lead-lab/application/source/vendor/laravel/framework/src/Illuminate/Pipeline/Pipeline.php(180): Illuminate\\Routing\\Router->{closure:Illuminate\\Routing\\Router::runRouteWithinStack():821}(Object(Illuminate\\Http\\Request))
#15 /Users/agnojf/Documents/alson-workspace/projects/lead-lab/application/source/app/Http/Middleware/EnsureActiveUser.php(28): Illuminate\\Pipeline\\Pipeline->{closure:Illuminate\\Pipeline\\Pipeline::prepareDestination():178}(Object(Illuminate\\Http\\Request))
#16 /Users/agnojf/Documents/alson-workspace/projects/lead-lab/application/source/vendor/laravel/framework/src/Illuminate/Pipeline/Pipeline.php(219): App\\Http\\Middleware\\EnsureActiveUser->handle(Object(Illuminate\\Http\\Request), Object(Closure))
#17 /Users/agnojf/Documents/alson-workspace/projects/lead-lab/application/source/vendor/laravel/framework/src/Illuminate/Http/Middleware/AddLinkHeadersForPreloadedAssets.php(32): Illuminate\\Pipeline\\Pipeline->{closure:{closure:Illuminate\\Pipeline\\Pipeline::carry():194}:195}(Object(Illuminate\\Http\\Request))
#18 /Users/agnojf/Documents/alson-workspace/projects/lead-lab/application/source/vendor/laravel/framework/src/Illuminate/Pipeline/Pipeline.php(219): Illuminate\\Http\\Middleware\\AddLinkHeadersForPreloadedAssets->handle(Object(Illuminate\\Http\\Request), Object(Closure))
#19 /Users/agnojf/Documents/alson-workspace/projects/lead-lab/application/source/vendor/inertiajs/inertia-laravel/src/Middleware.php(147): Illuminate\\Pipeline\\Pipeline->{closure:{closure:Illuminate\\Pipeline\\Pipeline::carry():194}:195}(Object(Illuminate\\Http\\Request))
#20 /Users/agnojf/Documents/alson-workspace/projects/lead-lab/application/source/vendor/laravel/framework/src/Illuminate/Pipeline/Pipeline.php(219): Inertia\\Middleware->handle(Object(Illuminate\\Http\\Request), Object(Closure))
#21 /Users/agnojf/Documents/alson-workspace/projects/lead-lab/application/source/app/Http/Middleware/HandleAppearance.php(21): Illuminate\\Pipeline\\Pipeline->{closure:{closure:Illuminate\\Pipeline\\Pipeline::carry():194}:195}(Object(Illuminate\\Http\\Request))
#22 /Users/agnojf/Documents/alson-workspace/projects/lead-lab/application/source/vendor/laravel/framework/src/Illuminate/Pipeline/Pipeline.php(219): App\\Http\\Middleware\\HandleAppearance->handle(Object(Illuminate\\Http\\Request), Object(Closure))
#23 /Users/agnojf/Documents/alson-workspace/projects/lead-lab/application/source/vendor/laravel/framework/src/Illuminate/Routing/Middleware/SubstituteBindings.php(52): Illuminate\\Pipeline\\Pipeline->{closure:{closure:Illuminate\\Pipeline\\Pipeline::carry():194}:195}(Object(Illuminate\\Http\\Request))
#24 /Users/agnojf/Documents/alson-workspace/projects/lead-lab/application/source/vendor/laravel/framework/src/Illuminate/Pipeline/Pipeline.php(219): Illuminate\\Routing\\Middleware\\SubstituteBindings->handle(Object(Illuminate\\Http\\Request), Object(Closure))
#25 /Users/agnojf/Documents/alson-workspace/projects/lead-lab/application/source/vendor/laravel/framework/src/Illuminate/Auth/Middleware/Authenticate.php(63): Illuminate\\Pipeline\\Pipeline->{closure:{closure:Illuminate\\Pipeline\\Pipeline::carry():194}:195}(Object(Illuminate\\Http\\Request))
#26 /Users/agnojf/Documents/alson-workspace/projects/lead-lab/application/source/vendor/laravel/framework/src/Illuminate/Pipeline/Pipeline.php(219): Illuminate\\Auth\\Middleware\\Authenticate->handle(Object(Illuminate\\Http\\Request), Object(Closure))
#27 /Users/agnojf/Documents/alson-workspace/projects/lead-lab/application/source/vendor/laravel/framework/src/Illuminate/Foundation/Http/Middleware/PreventRequestForgery.php(104): Illuminate\\Pipeline\\Pipeline->{closure:{closure:Illuminate\\Pipeline\\Pipeline::carry():194}:195}(Object(Illuminate\\Http\\Request))
#28 /Users/agnojf/Documents/alson-workspace/projects/lead-lab/application/source/vendor/laravel/framework/src/Illuminate/Pipeline/Pipeline.php(219): Illuminate\\Foundation\\Http\\Middleware\\PreventRequestForgery->handle(Object(Illuminate\\Http\\Request), Object(Closure))
#29 /Users/agnojf/Documents/alson-workspace/projects/lead-lab/application/source/vendor/laravel/framework/src/Illuminate/View/Middleware/ShareErrorsFromSession.php(48): Illuminate\\Pipeline\\Pipeline->{closure:{closure:Illuminate\\Pipeline\\Pipeline::carry():194}:195}(Object(Illuminate\\Http\\Request))
#30 /Users/agnojf/Documents/alson-workspace/projects/lead-lab/application/source/vendor/laravel/framework/src/Illuminate/Pipeline/Pipeline.php(219): Illuminate\\View\\Middleware\\ShareErrorsFromSession->handle(Object(Illuminate\\Http\\Request), Object(Closure))
#31 /Users/agnojf/Documents/alson-workspace/projects/lead-lab/application/source/vendor/laravel/framework/src/Illuminate/Session/Middleware/StartSession.php(120): Illuminate\\Pipeline\\Pipeline->{closure:{closure:Illuminate\\Pipeline\\Pipeline::carry():194}:195}(Object(Illuminate\\Http\\Request))
#32 /Users/agnojf/Documents/alson-workspace/projects/lead-lab/application/source/vendor/laravel/framework/src/Illuminate/Session/Middleware/StartSession.php(63): Illuminate\\Session\\Middleware\\StartSession->handleStatefulRequest(Object(Illuminate\\Http\\Request), Object(Illuminate\\Session\\Store), Object(Closure))
#33 /Users/agnojf/Documents/alson-workspace/projects/lead-lab/application/source/vendor/laravel/framework/src/Illuminate/Pipeline/Pipeline.php(219): Illuminate\\Session\\Middleware\\StartSession->handle(Object(Illuminate\\Http\\Request), Object(Closure))
#34 /Users/agnojf/Documents/alson-workspace/projects/lead-lab/application/source/vendor/laravel/framework/src/Illuminate/Cookie/Middleware/AddQueuedCookiesToResponse.php(36): Illuminate\\Pipeline\\Pipeline->{closure:{closure:Illuminate\\Pipeline\\Pipeline::carry():194}:195}(Object(Illuminate\\Http\\Request))
#35 /Users/agnojf/Documents/alson-workspace/projects/lead-lab/application/source/vendor/laravel/framework/src/Illuminate/Pipeline/Pipeline.php(219): Illuminate\\Cookie\\Middleware\\AddQueuedCookiesToResponse->handle(Object(Illuminate\\Http\\Request), Object(Closure))
#36 /Users/agnojf/Documents/alson-workspace/projects/lead-lab/application/source/vendor/laravel/framework/src/Illuminate/Cookie/Middleware/EncryptCookies.php(74): Illuminate\\Pipeline\\Pipeline->{closure:{closure:Illuminate\\Pipeline\\Pipeline::carry():194}:195}(Object(Illuminate\\Http\\Request))
#37 /Users/agnojf/Documents/alson-workspace/projects/lead-lab/application/source/vendor/laravel/framework/src/Illuminate/Pipeline/Pipeline.php(219): Illuminate\\Cookie\\Middleware\\EncryptCookies->handle(Object(Illuminate\\Http\\Request), Object(Closure))
#38 /Users/agnojf/Documents/alson-workspace/projects/lead-lab/application/source/vendor/laravel/framework/src/Illuminate/Pipeline/Pipeline.php(137): Illuminate\\Pipeline\\Pipeline->{closure:{closure:Illuminate\\Pipeline\\Pipeline::carry():194}:195}(Object(Illuminate\\Http\\Request))
#39 /Users/agnojf/Documents/alson-workspace/projects/lead-lab/application/source/vendor/laravel/framework/src/Illuminate/Routing/Router.php(821): Illuminate\\Pipeline\\Pipeline->then(Object(Closure))
#40 /Users/agnojf/Documents/alson-workspace/projects/lead-lab/application/source/vendor/laravel/framework/src/Illuminate/Routing/Router.php(800): Illuminate\\Routing\\Router->runRouteWithinStack(Object(Illuminate\\Routing\\Route), Object(Illuminate\\Http\\Request))
#41 /Users/agnojf/Documents/alson-workspace/projects/lead-lab/application/source/vendor/laravel/framework/src/Illuminate/Routing/Router.php(764): Illuminate\\Routing\\Router->runRoute(Object(Illuminate\\Http\\Request), Object(Illuminate\\Routing\\Route))
#42 /Users/agnojf/Documents/alson-workspace/projects/lead-lab/application/source/vendor/laravel/framework/src/Illuminate/Routing/Router.php(753): Illuminate\\Routing\\Router->dispatchToRoute(Object(Illuminate\\Http\\Request))
#43 /Users/agnojf/Documents/alson-workspace/projects/lead-lab/application/source/vendor/laravel/framework/src/Illuminate/Foundation/Http/Kernel.php(200): Illuminate\\Routing\\Router->dispatch(Object(Illuminate\\Http\\Request))
#44 /Users/agnojf/Documents/alson-workspace/projects/lead-lab/application/source/vendor/laravel/framework/src/Illuminate/Pipeline/Pipeline.php(180): Illuminate\\Foundation\\Http\\Kernel->{closure:Illuminate\\Foundation\\Http\\Kernel::dispatchToRouter():197}(Object(Illuminate\\Http\\Request))
#45 /Users/agnojf/Documents/alson-workspace/projects/lead-lab/application/source/vendor/inertiajs/inertia-laravel/src/Middleware/EnsureGetOnRedirect.php(19): Illuminate\\Pipeline\\Pipeline->{closure:Illuminate\\Pipeline\\Pipeline::prepareDestination():178}(Object(Illuminate\\Http\\Request))
#46 /Users/agnojf/Documents/alson-workspace/projects/lead-lab/application/source/vendor/laravel/framework/src/Illuminate/Pipeline/Pipeline.php(219): Inertia\\Middleware\\EnsureGetOnRedirect->handle(Object(Illuminate\\Http\\Request), Object(Closure))
#47 /Users/agnojf/Documents/alson-workspace/projects/lead-lab/application/source/vendor/laravel/framework/src/Illuminate/Foundation/Http/Middleware/TransformsRequest.php(21): Illuminate\\Pipeline\\Pipeline->{closure:{closure:Illuminate\\Pipeline\\Pipeline::carry():194}:195}(Object(Illuminate\\Http\\Request))
#48 /Users/agnojf/Documents/alson-workspace/projects/lead-lab/application/source/vendor/laravel/framework/src/Illuminate/Foundation/Http/Middleware/ConvertEmptyStringsToNull.php(31): Illuminate\\Foundation\\Http\\Middleware\\TransformsRequest->handle(Object(Illuminate\\Http\\Request), Object(Closure))
#49 /Users/agnojf/Documents/alson-workspace/projects/lead-lab/application/source/vendor/laravel/framework/src/Illuminate/Pipeline/Pipeline.php(219): Illuminate\\Foundation\\Http\\Middleware\\ConvertEmptyStringsToNull->handle(Object(Illuminate\\Http\\Request), Object(Closure))
#50 /Users/agnojf/Documents/alson-workspace/projects/lead-lab/application/source/vendor/laravel/framework/src/Illuminate/Foundation/Http/Middleware/TransformsRequest.php(21): Illuminate\\Pipeline\\Pipeline->{closure:{closure:Illuminate\\Pipeline\\Pipeline::carry():194}:195}(Object(Illuminate\\Http\\Request))
#51 /Users/agnojf/Documents/alson-workspace/projects/lead-lab/application/source/vendor/laravel/framework/src/Illuminate/Foundation/Http/Middleware/TrimStrings.php(51): Illuminate\\Foundation\\Http\\Middleware\\TransformsRequest->handle(Object(Illuminate\\Http\\Request), Object(Closure))
#52 /Users/agnojf/Documents/alson-workspace/projects/lead-lab/application/source/vendor/laravel/framework/src/Illuminate/Pipeline/Pipeline.php(219): Illuminate\\Foundation\\Http\\Middleware\\TrimStrings->handle(Object(Illuminate\\Http\\Request), Object(Closure))
#53 /Users/agnojf/Documents/alson-workspace/projects/lead-lab/application/source/vendor/laravel/framework/src/Illuminate/Http/Middleware/ValidatePostSize.php(27): Illuminate\\Pipeline\\Pipeline->{closure:{closure:Illuminate\\Pipeline\\Pipeline::carry():194}:195}(Object(Illuminate\\Http\\Request))
#54 /Users/agnojf/Documents/alson-workspace/projects/lead-lab/application/source/vendor/laravel/framework/src/Illuminate/Pipeline/Pipeline.php(219): Illuminate\\Http\\Middleware\\ValidatePostSize->handle(Object(Illuminate\\Http\\Request), Object(Closure))
#55 /Users/agnojf/Documents/alson-workspace/projects/lead-lab/application/source/vendor/laravel/framework/src/Illuminate/Foundation/Http/Middleware/PreventRequestsDuringMaintenance.php(110): Illuminate\\Pipeline\\Pipeline->{closure:{closure:Illuminate\\Pipeline\\Pipeline::carry():194}:195}(Object(Illuminate\\Http\\Request))
#56 /Users/agnojf/Documents/alson-workspace/projects/lead-lab/application/source/vendor/laravel/framework/src/Illuminate/Pipeline/Pipeline.php(219): Illuminate\\Foundation\\Http\\Middleware\\PreventRequestsDuringMaintenance->handle(Object(Illuminate\\Http\\Request), Object(Closure))
#57 /Users/agnojf/Documents/alson-workspace/projects/lead-lab/application/source/vendor/laravel/framework/src/Illuminate/Http/Middleware/HandleCors.php(61): Illuminate\\Pipeline\\Pipeline->{closure:{closure:Illuminate\\Pipeline\\Pipeline::carry():194}:195}(Object(Illuminate\\Http\\Request))
#58 /Users/agnojf/Documents/alson-workspace/projects/lead-lab/application/source/vendor/laravel/framework/src/Illuminate/Pipeline/Pipeline.php(219): Illuminate\\Http\\Middleware\\HandleCors->handle(Object(Illuminate\\Http\\Request), Object(Closure))
#59 /Users/agnojf/Documents/alson-workspace/projects/lead-lab/application/source/vendor/laravel/framework/src/Illuminate/Http/Middleware/TrustProxies.php(58): Illuminate\\Pipeline\\Pipeline->{closure:{closure:Illuminate\\Pipeline\\Pipeline::carry():194}:195}(Object(Illuminate\\Http\\Request))
#60 /Users/agnojf/Documents/alson-workspace/projects/lead-lab/application/source/vendor/laravel/framework/src/Illuminate/Pipeline/Pipeline.php(219): Illuminate\\Http\\Middleware\\TrustProxies->handle(Object(Illuminate\\Http\\Request), Object(Closure))
#61 /Users/agnojf/Documents/alson-workspace/projects/lead-lab/application/source/vendor/laravel/framework/src/Illuminate/Foundation/Http/Middleware/InvokeDeferredCallbacks.php(22): Illuminate\\Pipeline\\Pipeline->{closure:{closure:Illuminate\\Pipeline\\Pipeline::carry():194}:195}(Object(Illuminate\\Http\\Request))
#62 /Users/agnojf/Documents/alson-workspace/projects/lead-lab/application/source/vendor/laravel/framework/src/Illuminate/Pipeline/Pipeline.php(219): Illuminate\\Foundation\\Http\\Middleware\\InvokeDeferredCallbacks->handle(Object(Illuminate\\Http\\Request), Object(Closure))
#63 /Users/agnojf/Documents/alson-workspace/projects/lead-lab/application/source/vendor/laravel/framework/src/Illuminate/Http/Middleware/ValidatePathEncoding.php(28): Illuminate\\Pipeline\\Pipeline->{closure:{closure:Illuminate\\Pipeline\\Pipeline::carry():194}:195}(Object(Illuminate\\Http\\Request))
#64 /Users/agnojf/Documents/alson-workspace/projects/lead-lab/application/source/vendor/laravel/framework/src/Illuminate/Pipeline/Pipeline.php(219): Illuminate\\Http\\Middleware\\ValidatePathEncoding->handle(Object(Illuminate\\Http\\Request), Object(Closure))
#65 /Users/agnojf/Documents/alson-workspace/projects/lead-lab/application/source/vendor/laravel/framework/src/Illuminate/Pipeline/Pipeline.php(137): Illuminate\\Pipeline\\Pipeline->{closure:{closure:Illuminate\\Pipeline\\Pipeline::carry():194}:195}(Object(Illuminate\\Http\\Request))
#66 /Users/agnojf/Documents/alson-workspace/projects/lead-lab/application/source/vendor/laravel/framework/src/Illuminate/Foundation/Http/Kernel.php(175): Illuminate\\Pipeline\\Pipeline->then(Object(Closure))
#67 /Users/agnojf/Documents/alson-workspace/projects/lead-lab/application/source/vendor/laravel/framework/src/Illuminate/Foundation/Http/Kernel.php(144): Illuminate\\Foundation\\Http\\Kernel->sendRequestThroughRouter(Object(Illuminate\\Http\\Request))
#68 /Users/agnojf/Documents/alson-workspace/projects/lead-lab/application/source/vendor/laravel/framework/src/Illuminate/Foundation/Application.php(1227): Illuminate\\Foundation\\Http\\Kernel->handle(Object(Illuminate\\Http\\Request))
#69 /Users/agnojf/Documents/alson-workspace/projects/lead-lab/application/source/public/index.php(20): Illuminate\\Foundation\\Application->handleRequest(Object(Illuminate\\Http\\Request))
#70 /Users/agnojf/Documents/alson-workspace/projects/lead-lab/application/source/vendor/laravel/framework/src/Illuminate/Foundation/resources/server.php(23): require_once('/Users/agnojf/D...')
#71 {main}
"} 
[2026-08-24 03:28:54] local.DEBUG: From: Lead Lab <hello@example.com>
To: agnojf@gmail.com
Subject: Verify your email address
MIME-Version: 1.0
Date: Mon, 24 Aug 2026 03:28:54 +0000
Message-ID: <457adb4dbd710e16f8c4899ddfba4842@example.com>
Content-Type: multipart/alternative; boundary=PlW-nGBF

--PlW-nGBF
Content-Type: text/plain; charset=utf-8
Content-Transfer-Encoding: quoted-printable

Lead Lab: http://localhost:8000

# Hello!

Please click the button below to verify your email address.

Verify Email Address: http://127.0.0.1:8000/email/verify/3/256d4581f3cb117f5eb18a668c2148c0e529e0e4?expires=1787545734&signature=847bfda7dc8f52b51cc53b6fd39558a0a52d131a26e7ac5369579ab80e003397

If you did not create an account, no further action is required.

Regards,
Lead Lab

If you're having trouble clicking the "Verify Email Address" button, copy and paste the URL below
into your web browser: [http://127.0.0.1:8000/email/verify/3/256d4581f3cb117f5eb18a668c2148c0e529e0e4?expires=1787545734&signature=847bfda7dc8f52b51cc53b6fd39558a0a52d131a26e7ac5369579ab80e003397](http://127.0.0.1:8000/email/verify/3/256d4581f3cb117f5eb18a668c2148c0e529e0e4?expires=1787545734&signature=847bfda7dc8f52b51cc53b6fd39558a0a52d131a26e7ac5369579ab80e003397)

© 2026 Lead Lab. All rights reserved.

--PlW-nGBF
Content-Type: text/html; charset=utf-8
Content-Transfer-Encoding: quoted-printable

<!DOCTYPE html PUBLIC "-//W3C//DTD XHTML 1.0 Transitional//EN" "http://www.w3.org/TR/xhtml1/DTD/xhtml1-transitional.dtd">
<html xmlns="http://www.w3.org/1999/xhtml" lang="en">
<head>
<title>Lead Lab</title>
<meta name="viewport" content="width=device-width, initial-scale=1.0">
<meta http-equiv="Content-Type" content="text/html; charset=UTF-8">
<meta name="color-scheme" content="light">
<meta name="supported-color-schemes" content="light">
<style>
@media only screen and (max-width: 600px) {
.inner-body {
width: 100% !important;
}

.footer {
width: 100% !important;
}
}

@media only screen and (max-width: 500px) {
.button {
width: 100% !important;
}
}
</style>

</head>
<body style="box-sizing: border-box; font-family: -apple-system, BlinkMacSystemFont, 'Segoe UI', Roboto, Helvetica, Arial, sans-serif, 'Apple Color Emoji', 'Segoe UI Emoji', 'Segoe UI Symbol'; position: relative; -webkit-text-size-adjust: none; background-color: #ffffff; color: #52525b; height: 100%; line-height: 1.4; margin: 0; padding: 0; width: 100% !important;">

<table class="wrapper" width="100%" cellpadding="0" cellspacing="0" role="presentation" style="box-sizing: border-box; font-family: -apple-system, BlinkMacSystemFont, 'Segoe UI', Roboto, Helvetica, Arial, sans-serif, 'Apple Color Emoji', 'Segoe UI Emoji', 'Segoe UI Symbol'; position: relative; -premailer-cellpadding: 0; -premailer-cellspacing: 0; -premailer-width: 100%; background-color: #fafafa; margin: 0; padding: 0; width: 100%;">
<tr>
<td align="center" style="box-sizing: border-box; font-family: -apple-system, BlinkMacSystemFont, 'Segoe UI', Roboto, Helvetica, Arial, sans-serif, 'Apple Color Emoji', 'Segoe UI Emoji', 'Segoe UI Symbol'; position: relative;">
<table class="content" width="100%" cellpadding="0" cellspacing="0" role="presentation" style="box-sizing: border-box; font-family: -apple-system, BlinkMacSystemFont, 'Segoe UI', Roboto, Helvetica, Arial, sans-serif, 'Apple Color Emoji', 'Segoe UI Emoji', 'Segoe UI Symbol'; position: relative; -premailer-cellpadding: 0; -premailer-cellspacing: 0; -premailer-width: 100%; margin: 0; padding: 0; width: 100%;">
<tr>
<td class="header" style="box-sizing: border-box; font-family: -apple-system, BlinkMacSystemFont, 'Segoe UI', Roboto, Helvetica, Arial, sans-serif, 'Apple Color Emoji', 'Segoe UI Emoji', 'Segoe UI Symbol'; position: relative; padding: 25px 0; text-align: center;">
<a href="http://localhost:8000" style="box-sizing: border-box; font-family: -apple-system, BlinkMacSystemFont, 'Segoe UI', Roboto, Helvetica, Arial, sans-serif, 'Apple Color Emoji', 'Segoe UI Emoji', 'Segoe UI Symbol'; position: relative; color: #18181b; font-size: 19px; font-weight: bold; text-decoration: none; display: inline-block;">
Lead Lab
</a>
</td>
</tr>

<!-- Email Body -->
<tr>
<td class="body" width="100%" cellpadding="0" cellspacing="0" style="box-sizing: border-box; font-family: -apple-system, BlinkMacSystemFont, 'Segoe UI', Roboto, Helvetica, Arial, sans-serif, 'Apple Color Emoji', 'Segoe UI Emoji', 'Segoe UI Symbol'; position: relative; -premailer-cellpadding: 0; -premailer-cellspacing: 0; -premailer-width: 100%; background-color: #fafafa; border-bottom: 1px solid #fafafa; border-top: 1px solid #fafafa; margin: 0; padding: 0; width: 100%; border: hidden !important;">
<table class="inner-body" align="center" width="570" cellpadding="0" cellspacing="0" role="presentation" style="box-sizing: border-box; font-family: -apple-system, BlinkMacSystemFont, 'Segoe UI', Roboto, Helvetica, Arial, sans-serif, 'Apple Color Emoji', 'Segoe UI Emoji', 'Segoe UI Symbol'; position: relative; -premailer-cellpadding: 0; -premailer-cellspacing: 0; -premailer-width: 570px; background-color: #ffffff; border-color: #e4e4e7; border-radius: 4px; border-width: 1px; box-shadow: 0 1px 3px 0 rgba(0, 0, 0, 0.1), 0 1px 2px -1px rgba(0, 0, 0, 0.1); margin: 0 auto; padding: 0; width: 570px;">
<!-- Body content -->
<tr>
<td class="content-cell" style="box-sizing: border-box; font-family: -apple-system, BlinkMacSystemFont, 'Segoe UI', Roboto, Helvetica, Arial, sans-serif, 'Apple Color Emoji', 'Segoe UI Emoji', 'Segoe UI Symbol'; position: relative; max-width: 100vw; padding: 32px;">
<h1 style="box-sizing: border-box; font-family: -apple-system, BlinkMacSystemFont, 'Segoe UI', Roboto, Helvetica, Arial, sans-serif, 'Apple Color Emoji', 'Segoe UI Emoji', 'Segoe UI Symbol'; position: relative; color: #18181b; font-size: 18px; font-weight: bold; margin-top: 0; text-align: start;">Hello!</h1>
<p style="box-sizing: border-box; font-family: -apple-system, BlinkMacSystemFont, 'Segoe UI', Roboto, Helvetica, Arial, sans-serif, 'Apple Color Emoji', 'Segoe UI Emoji', 'Segoe UI Symbol'; position: relative; font-size: 16px; line-height: 1.5em; margin-top: 0; text-align: left;">Please click the button below to verify your email address.</p>
<table class="action" align="center" width="100%" cellpadding="0" cellspacing="0" role="presentation" style="box-sizing: border-box; font-family: -apple-system, BlinkMacSystemFont, 'Segoe UI', Roboto, Helvetica, Arial, sans-serif, 'Apple Color Emoji', 'Segoe UI Emoji', 'Segoe UI Symbol'; position: relative; -premailer-cellpadding: 0; -premailer-cellspacing: 0; -premailer-width: 100%; margin: 30px auto; padding: 0; text-align: center; width: 100%; float: unset;">
<tr>
<td align="center" style="box-sizing: border-box; font-family: -apple-system, BlinkMacSystemFont, 'Segoe UI', Roboto, Helvetica, Arial, sans-serif, 'Apple Color Emoji', 'Segoe UI Emoji', 'Segoe UI Symbol'; position: relative;">
<table width="100%" border="0" cellpadding="0" cellspacing="0" role="presentation" style="box-sizing: border-box; font-family: -apple-system, BlinkMacSystemFont, 'Segoe UI', Roboto, Helvetica, Arial, sans-serif, 'Apple Color Emoji', 'Segoe UI Emoji', 'Segoe UI Symbol'; position: relative;">
<tr>
<td align="center" style="box-sizing: border-box; font-family: -apple-system, BlinkMacSystemFont, 'Segoe UI', Roboto, Helvetica, Arial, sans-serif, 'Apple Color Emoji', 'Segoe UI Emoji', 'Segoe UI Symbol'; position: relative;">
<table border="0" cellpadding="0" cellspacing="0" role="presentation" style="box-sizing: border-box; font-family: -apple-system, BlinkMacSystemFont, 'Segoe UI', Roboto, Helvetica, Arial, sans-serif, 'Apple Color Emoji', 'Segoe UI Emoji', 'Segoe UI Symbol'; position: relative;">
<tr>
<td style="box-sizing: border-box; font-family: -apple-system, BlinkMacSystemFont, 'Segoe UI', Roboto, Helvetica, Arial, sans-serif, 'Apple Color Emoji', 'Segoe UI Emoji', 'Segoe UI Symbol'; position: relative;">
<a href="http://127.0.0.1:8000/email/verify/3/256d4581f3cb117f5eb18a668c2148c0e529e0e4?expires=1787545734&amp;signature=847bfda7dc8f52b51cc53b6fd39558a0a52d131a26e7ac5369579ab80e003397" class="button button-primary" target="_blank" rel="noopener" style="box-sizing: border-box; font-family: -apple-system, BlinkMacSystemFont, 'Segoe UI', Roboto, Helvetica, Arial, sans-serif, 'Apple Color Emoji', 'Segoe UI Emoji', 'Segoe UI Symbol'; position: relative; -webkit-text-size-adjust: none; border-radius: 4px; color: #fff; display: inline-block; overflow: hidden; text-decoration: none; background-color: #18181b; border-bottom: 8px solid #18181b; border-left: 18px solid #18181b; border-right: 18px solid #18181b; border-top: 8px solid #18181b; word-break: break-all;">Verify Email Address</a>
</td>
</tr>
</table>
</td>
</tr>
</table>
</td>
</tr>
</table>
<p style="box-sizing: border-box; font-family: -apple-system, BlinkMacSystemFont, 'Segoe UI', Roboto, Helvetica, Arial, sans-serif, 'Apple Color Emoji', 'Segoe UI Emoji', 'Segoe UI Symbol'; position: relative; font-size: 16px; line-height: 1.5em; margin-top: 0; text-align: left;">If you did not create an account, no further action is required.</p>
<p style="box-sizing: border-box; font-family: -apple-system, BlinkMacSystemFont, 'Segoe UI', Roboto, Helvetica, Arial, sans-serif, 'Apple Color Emoji', 'Segoe UI Emoji', 'Segoe UI Symbol'; position: relative; font-size: 16px; line-height: 1.5em; margin-top: 0; text-align: left;">Regards,<br>
Lead Lab</p>


<table class="subcopy" width="100%" cellpadding="0" cellspacing="0" role="presentation" style="box-sizing: border-box; font-family: -apple-system, BlinkMacSystemFont, 'Segoe UI', Roboto, Helvetica, Arial, sans-serif, 'Apple Color Emoji', 'Segoe UI Emoji', 'Segoe UI Symbol'; position: relative; border-top: 1px solid #e4e4e7; margin-top: 25px; padding-top: 25px;">
<tr>
<td style="box-sizing: border-box; font-family: -apple-system, BlinkMacSystemFont, 'Segoe UI', Roboto, Helvetica, Arial, sans-serif, 'Apple Color Emoji', 'Segoe UI Emoji', 'Segoe UI Symbol'; position: relative;">
<p style="box-sizing: border-box; font-family: -apple-system, BlinkMacSystemFont, 'Segoe UI', Roboto, Helvetica, Arial, sans-serif, 'Apple Color Emoji', 'Segoe UI Emoji', 'Segoe UI Symbol'; position: relative; line-height: 1.5em; margin-top: 0; text-align: left; font-size: 14px;">If you're having trouble clicking the "Verify Email Address" button, copy and paste the URL below
into your web browser: <span class="break-all" style="box-sizing: border-box; font-family: -apple-system, BlinkMacSystemFont, 'Segoe UI', Roboto, Helvetica, Arial, sans-serif, 'Apple Color Emoji', 'Segoe UI Emoji', 'Segoe UI Symbol'; position: relative; word-break: break-all;"><a href="http://127.0.0.1:8000/email/verify/3/256d4581f3cb117f5eb18a668c2148c0e529e0e4?expires=1787545734&amp;signature=847bfda7dc8f52b51cc53b6fd39558a0a52d131a26e7ac5369579ab80e003397" style="box-sizing: border-box; font-family: -apple-system, BlinkMacSystemFont, 'Segoe UI', Roboto, Helvetica, Arial, sans-serif, 'Apple Color Emoji', 'Segoe UI Emoji', 'Segoe UI Symbol'; position: relative; color: #18181b; word-break: break-all;">http://127.0.0.1:8000/email/verify/3/256d4581f3cb117f5eb18a668c2148c0e529e0e4?expires=1787545734&amp;signature=847bfda7dc8f52b51cc53b6fd39558a0a52d131a26e7ac5369579ab80e003397</a></span></p>

</td>
</tr>
</table>
</td>
</tr>
</table>
</td>
</tr>

<tr>
<td style="box-sizing: border-box; font-family: -apple-system, BlinkMacSystemFont, 'Segoe UI', Roboto, Helvetica, Arial, sans-serif, 'Apple Color Emoji', 'Segoe UI Emoji', 'Segoe UI Symbol'; position: relative;">
<table class="footer" align="center" width="570" cellpadding="0" cellspacing="0" role="presentation" style="box-sizing: border-box; font-family: -apple-system, BlinkMacSystemFont, 'Segoe UI', Roboto, Helvetica, Arial, sans-serif, 'Apple Color Emoji', 'Segoe UI Emoji', 'Segoe UI Symbol'; position: relative; -premailer-cellpadding: 0; -premailer-cellspacing: 0; -premailer-width: 570px; margin: 0 auto; padding: 0; text-align: center; width: 570px;">
<tr>
<td class="content-cell" align="center" style="box-sizing: border-box; font-family: -apple-system, BlinkMacSystemFont, 'Segoe UI', Roboto, Helvetica, Arial, sans-serif, 'Apple Color Emoji', 'Segoe UI Emoji', 'Segoe UI Symbol'; position: relative; max-width: 100vw; padding: 32px;">
<p style="box-sizing: border-box; font-family: -apple-system, BlinkMacSystemFont, 'Segoe UI', Roboto, Helvetica, Arial, sans-serif, 'Apple Color Emoji', 'Segoe UI Emoji', 'Segoe UI Symbol'; position: relative; line-height: 1.5em; margin-top: 0; color: #a1a1aa; font-size: 12px; text-align: center;">© 2026 Lead Lab. All rights reserved.</p>

</td>
</tr>
</table>
</td>
</tr>
</table>
</td>
</tr>
</table>
</body>
</html>
--PlW-nGBF--
  
[2026-08-24 04:16:27] local.DEBUG: From: Lead Lab <hello@example.com>
To: jagno@ssd.org
Subject: Verify your email address
MIME-Version: 1.0
Date: Mon, 24 Aug 2026 04:16:27 +0000
Message-ID: <bfa31f496c608fedc7810f7975c230d5@example.com>
Content-Type: multipart/alternative; boundary=ubNOznA4

--ubNOznA4
Content-Type: text/plain; charset=utf-8
Content-Transfer-Encoding: quoted-printable

Lead Lab: http://localhost:8000

# Hello!

Please click the button below to verify your email address.

Verify Email Address: http://127.0.0.1:8000/email/verify/4/db6a18a76e503fda95e97eab032f8c3ef41f0c07?expires=1787548587&signature=f6bcc5d348279232b65a3bdcb772977a09801be08aad0d36ab3281b739eb1805

If you did not create an account, no further action is required.

Regards,
Lead Lab

If you're having trouble clicking the "Verify Email Address" button, copy and paste the URL below
into your web browser: [http://127.0.0.1:8000/email/verify/4/db6a18a76e503fda95e97eab032f8c3ef41f0c07?expires=1787548587&signature=f6bcc5d348279232b65a3bdcb772977a09801be08aad0d36ab3281b739eb1805](http://127.0.0.1:8000/email/verify/4/db6a18a76e503fda95e97eab032f8c3ef41f0c07?expires=1787548587&signature=f6bcc5d348279232b65a3bdcb772977a09801be08aad0d36ab3281b739eb1805)

© 2026 Lead Lab. All rights reserved.

--ubNOznA4
Content-Type: text/html; charset=utf-8
Content-Transfer-Encoding: quoted-printable

<!DOCTYPE html PUBLIC "-//W3C//DTD XHTML 1.0 Transitional//EN" "http://www.w3.org/TR/xhtml1/DTD/xhtml1-transitional.dtd">
<html xmlns="http://www.w3.org/1999/xhtml" lang="en">
<head>
<title>Lead Lab</title>
<meta name="viewport" content="width=device-width, initial-scale=1.0">
<meta http-equiv="Content-Type" content="text/html; charset=UTF-8">
<meta name="color-scheme" content="light">
<meta name="supported-color-schemes" content="light">
<style>
@media only screen and (max-width: 600px) {
.inner-body {
width: 100% !important;
}

.footer {
width: 100% !important;
}
}

@media only screen and (max-width: 500px) {
.button {
width: 100% !important;
}
}
</style>

</head>
<body style="box-sizing: border-box; font-family: -apple-system, BlinkMacSystemFont, 'Segoe UI', Roboto, Helvetica, Arial, sans-serif, 'Apple Color Emoji', 'Segoe UI Emoji', 'Segoe UI Symbol'; position: relative; -webkit-text-size-adjust: none; background-color: #ffffff; color: #52525b; height: 100%; line-height: 1.4; margin: 0; padding: 0; width: 100% !important;">

<table class="wrapper" width="100%" cellpadding="0" cellspacing="0" role="presentation" style="box-sizing: border-box; font-family: -apple-system, BlinkMacSystemFont, 'Segoe UI', Roboto, Helvetica, Arial, sans-serif, 'Apple Color Emoji', 'Segoe UI Emoji', 'Segoe UI Symbol'; position: relative; -premailer-cellpadding: 0; -premailer-cellspacing: 0; -premailer-width: 100%; background-color: #fafafa; margin: 0; padding: 0; width: 100%;">
<tr>
<td align="center" style="box-sizing: border-box; font-family: -apple-system, BlinkMacSystemFont, 'Segoe UI', Roboto, Helvetica, Arial, sans-serif, 'Apple Color Emoji', 'Segoe UI Emoji', 'Segoe UI Symbol'; position: relative;">
<table class="content" width="100%" cellpadding="0" cellspacing="0" role="presentation" style="box-sizing: border-box; font-family: -apple-system, BlinkMacSystemFont, 'Segoe UI', Roboto, Helvetica, Arial, sans-serif, 'Apple Color Emoji', 'Segoe UI Emoji', 'Segoe UI Symbol'; position: relative; -premailer-cellpadding: 0; -premailer-cellspacing: 0; -premailer-width: 100%; margin: 0; padding: 0; width: 100%;">
<tr>
<td class="header" style="box-sizing: border-box; font-family: -apple-system, BlinkMacSystemFont, 'Segoe UI', Roboto, Helvetica, Arial, sans-serif, 'Apple Color Emoji', 'Segoe UI Emoji', 'Segoe UI Symbol'; position: relative; padding: 25px 0; text-align: center;">
<a href="http://localhost:8000" style="box-sizing: border-box; font-family: -apple-system, BlinkMacSystemFont, 'Segoe UI', Roboto, Helvetica, Arial, sans-serif, 'Apple Color Emoji', 'Segoe UI Emoji', 'Segoe UI Symbol'; position: relative; color: #18181b; font-size: 19px; font-weight: bold; text-decoration: none; display: inline-block;">
Lead Lab
</a>
</td>
</tr>

<!-- Email Body -->
<tr>
<td class="body" width="100%" cellpadding="0" cellspacing="0" style="box-sizing: border-box; font-family: -apple-system, BlinkMacSystemFont, 'Segoe UI', Roboto, Helvetica, Arial, sans-serif, 'Apple Color Emoji', 'Segoe UI Emoji', 'Segoe UI Symbol'; position: relative; -premailer-cellpadding: 0; -premailer-cellspacing: 0; -premailer-width: 100%; background-color: #fafafa; border-bottom: 1px solid #fafafa; border-top: 1px solid #fafafa; margin: 0; padding: 0; width: 100%; border: hidden !important;">
<table class="inner-body" align="center" width="570" cellpadding="0" cellspacing="0" role="presentation" style="box-sizing: border-box; font-family: -apple-system, BlinkMacSystemFont, 'Segoe UI', Roboto, Helvetica, Arial, sans-serif, 'Apple Color Emoji', 'Segoe UI Emoji', 'Segoe UI Symbol'; position: relative; -premailer-cellpadding: 0; -premailer-cellspacing: 0; -premailer-width: 570px; background-color: #ffffff; border-color: #e4e4e7; border-radius: 4px; border-width: 1px; box-shadow: 0 1px 3px 0 rgba(0, 0, 0, 0.1), 0 1px 2px -1px rgba(0, 0, 0, 0.1); margin: 0 auto; padding: 0; width: 570px;">
<!-- Body content -->
<tr>
<td class="content-cell" style="box-sizing: border-box; font-family: -apple-system, BlinkMacSystemFont, 'Segoe UI', Roboto, Helvetica, Arial, sans-serif, 'Apple Color Emoji', 'Segoe UI Emoji', 'Segoe UI Symbol'; position: relative; max-width: 100vw; padding: 32px;">
<h1 style="box-sizing: border-box; font-family: -apple-system, BlinkMacSystemFont, 'Segoe UI', Roboto, Helvetica, Arial, sans-serif, 'Apple Color Emoji', 'Segoe UI Emoji', 'Segoe UI Symbol'; position: relative; color: #18181b; font-size: 18px; font-weight: bold; margin-top: 0; text-align: start;">Hello!</h1>
<p style="box-sizing: border-box; font-family: -apple-system, BlinkMacSystemFont, 'Segoe UI', Roboto, Helvetica, Arial, sans-serif, 'Apple Color Emoji', 'Segoe UI Emoji', 'Segoe UI Symbol'; position: relative; font-size: 16px; line-height: 1.5em; margin-top: 0; text-align: left;">Please click the button below to verify your email address.</p>
<table class="action" align="center" width="100%" cellpadding="0" cellspacing="0" role="presentation" style="box-sizing: border-box; font-family: -apple-system, BlinkMacSystemFont, 'Segoe UI', Roboto, Helvetica, Arial, sans-serif, 'Apple Color Emoji', 'Segoe UI Emoji', 'Segoe UI Symbol'; position: relative; -premailer-cellpadding: 0; -premailer-cellspacing: 0; -premailer-width: 100%; margin: 30px auto; padding: 0; text-align: center; width: 100%; float: unset;">
<tr>
<td align="center" style="box-sizing: border-box; font-family: -apple-system, BlinkMacSystemFont, 'Segoe UI', Roboto, Helvetica, Arial, sans-serif, 'Apple Color Emoji', 'Segoe UI Emoji', 'Segoe UI Symbol'; position: relative;">
<table width="100%" border="0" cellpadding="0" cellspacing="0" role="presentation" style="box-sizing: border-box; font-family: -apple-system, BlinkMacSystemFont, 'Segoe UI', Roboto, Helvetica, Arial, sans-serif, 'Apple Color Emoji', 'Segoe UI Emoji', 'Segoe UI Symbol'; position: relative;">
<tr>
<td align="center" style="box-sizing: border-box; font-family: -apple-system, BlinkMacSystemFont, 'Segoe UI', Roboto, Helvetica, Arial, sans-serif, 'Apple Color Emoji', 'Segoe UI Emoji', 'Segoe UI Symbol'; position: relative;">
<table border="0" cellpadding="0" cellspacing="0" role="presentation" style="box-sizing: border-box; font-family: -apple-system, BlinkMacSystemFont, 'Segoe UI', Roboto, Helvetica, Arial, sans-serif, 'Apple Color Emoji', 'Segoe UI Emoji', 'Segoe UI Symbol'; position: relative;">
<tr>
<td style="box-sizing: border-box; font-family: -apple-system, BlinkMacSystemFont, 'Segoe UI', Roboto, Helvetica, Arial, sans-serif, 'Apple Color Emoji', 'Segoe UI Emoji', 'Segoe UI Symbol'; position: relative;">
<a href="http://127.0.0.1:8000/email/verify/4/db6a18a76e503fda95e97eab032f8c3ef41f0c07?expires=1787548587&amp;signature=f6bcc5d348279232b65a3bdcb772977a09801be08aad0d36ab3281b739eb1805" class="button button-primary" target="_blank" rel="noopener" style="box-sizing: border-box; font-family: -apple-system, BlinkMacSystemFont, 'Segoe UI', Roboto, Helvetica, Arial, sans-serif, 'Apple Color Emoji', 'Segoe UI Emoji', 'Segoe UI Symbol'; position: relative; -webkit-text-size-adjust: none; border-radius: 4px; color: #fff; display: inline-block; overflow: hidden; text-decoration: none; background-color: #18181b; border-bottom: 8px solid #18181b; border-left: 18px solid #18181b; border-right: 18px solid #18181b; border-top: 8px solid #18181b; word-break: break-all;">Verify Email Address</a>
</td>
</tr>
</table>
</td>
</tr>
</table>
</td>
</tr>
</table>
<p style="box-sizing: border-box; font-family: -apple-system, BlinkMacSystemFont, 'Segoe UI', Roboto, Helvetica, Arial, sans-serif, 'Apple Color Emoji', 'Segoe UI Emoji', 'Segoe UI Symbol'; position: relative; font-size: 16px; line-height: 1.5em; margin-top: 0; text-align: left;">If you did not create an account, no further action is required.</p>
<p style="box-sizing: border-box; font-family: -apple-system, BlinkMacSystemFont, 'Segoe UI', Roboto, Helvetica, Arial, sans-serif, 'Apple Color Emoji', 'Segoe UI Emoji', 'Segoe UI Symbol'; position: relative; font-size: 16px; line-height: 1.5em; margin-top: 0; text-align: left;">Regards,<br>
Lead Lab</p>


<table class="subcopy" width="100%" cellpadding="0" cellspacing="0" role="presentation" style="box-sizing: border-box; font-family: -apple-system, BlinkMacSystemFont, 'Segoe UI', Roboto, Helvetica, Arial, sans-serif, 'Apple Color Emoji', 'Segoe UI Emoji', 'Segoe UI Symbol'; position: relative; border-top: 1px solid #e4e4e7; margin-top: 25px; padding-top: 25px;">
<tr>
<td style="box-sizing: border-box; font-family: -apple-system, BlinkMacSystemFont, 'Segoe UI', Roboto, Helvetica, Arial, sans-serif, 'Apple Color Emoji', 'Segoe UI Emoji', 'Segoe UI Symbol'; position: relative;">
<p style="box-sizing: border-box; font-family: -apple-system, BlinkMacSystemFont, 'Segoe UI', Roboto, Helvetica, Arial, sans-serif, 'Apple Color Emoji', 'Segoe UI Emoji', 'Segoe UI Symbol'; position: relative; line-height: 1.5em; margin-top: 0; text-align: left; font-size: 14px;">If you're having trouble clicking the "Verify Email Address" button, copy and paste the URL below
into your web browser: <span class="break-all" style="box-sizing: border-box; font-family: -apple-system, BlinkMacSystemFont, 'Segoe UI', Roboto, Helvetica, Arial, sans-serif, 'Apple Color Emoji', 'Segoe UI Emoji', 'Segoe UI Symbol'; position: relative; word-break: break-all;"><a href="http://127.0.0.1:8000/email/verify/4/db6a18a76e503fda95e97eab032f8c3ef41f0c07?expires=1787548587&amp;signature=f6bcc5d348279232b65a3bdcb772977a09801be08aad0d36ab3281b739eb1805" style="box-sizing: border-box; font-family: -apple-system, BlinkMacSystemFont, 'Segoe UI', Roboto, Helvetica, Arial, sans-serif, 'Apple Color Emoji', 'Segoe UI Emoji', 'Segoe UI Symbol'; position: relative; color: #18181b; word-break: break-all;">http://127.0.0.1:8000/email/verify/4/db6a18a76e503fda95e97eab032f8c3ef41f0c07?expires=1787548587&amp;signature=f6bcc5d348279232b65a3bdcb772977a09801be08aad0d36ab3281b739eb1805</a></span></p>

</td>
</tr>
</table>
</td>
</tr>
</table>
</td>
</tr>

<tr>
<td style="box-sizing: border-box; font-family: -apple-system, BlinkMacSystemFont, 'Segoe UI', Roboto, Helvetica, Arial, sans-serif, 'Apple Color Emoji', 'Segoe UI Emoji', 'Segoe UI Symbol'; position: relative;">
<table class="footer" align="center" width="570" cellpadding="0" cellspacing="0" role="presentation" style="box-sizing: border-box; font-family: -apple-system, BlinkMacSystemFont, 'Segoe UI', Roboto, Helvetica, Arial, sans-serif, 'Apple Color Emoji', 'Segoe UI Emoji', 'Segoe UI Symbol'; position: relative; -premailer-cellpadding: 0; -premailer-cellspacing: 0; -premailer-width: 570px; margin: 0 auto; padding: 0; text-align: center; width: 570px;">
<tr>
<td class="content-cell" align="center" style="box-sizing: border-box; font-family: -apple-system, BlinkMacSystemFont, 'Segoe UI', Roboto, Helvetica, Arial, sans-serif, 'Apple Color Emoji', 'Segoe UI Emoji', 'Segoe UI Symbol'; position: relative; max-width: 100vw; padding: 32px;">
<p style="box-sizing: border-box; font-family: -apple-system, BlinkMacSystemFont, 'Segoe UI', Roboto, Helvetica, Arial, sans-serif, 'Apple Color Emoji', 'Segoe UI Emoji', 'Segoe UI Symbol'; position: relative; line-height: 1.5em; margin-top: 0; color: #a1a1aa; font-size: 12px; text-align: center;">© 2026 Lead Lab. All rights reserved.</p>

</td>
</tr>
</table>
</td>
</tr>
</table>
</td>
</tr>
</table>
</body>
</html>
--ubNOznA4--
  
